5ee2d42e43d5f66b99eb64ee8bf2b81675297b709b7f39b2c00305ddac766fc2	67808	elf	/usr/bin/harbour-sailmines
a058b33da0f244e0aedf1232766b4e9bf1592ddd896b46a3cc55c23db79393d3	300	other	/usr/share/applications/harbour-sailmines.desktop
faeb381be388e41bd4e56203240ea27724ac03ed21125f89a03377451591bcc7	888	other	/usr/share/harbour-sailmines/qml/cover/CoverPage.qml
0fba6a0ac3f5b26a909bb95ae5ecab5cdd5c9841302a531e03215b46b33de5b3	2186	other	/usr/share/harbour-sailmines/qml/harbour-sailmines.qml
2f8db5727a1a054f7c55dcbc2bffad75d6bbaf663853eccc00104792897fec11	21700	other	/usr/share/harbour-sailmines/qml/pages/MinefieldPage.qml
b9a0d254458f47aa1820c107bbb7e26d86510a23329de9ed15bf53eab3e90382	10557	other	/usr/share/harbour-sailmines/qml/pages/SettingsPage.qml
34e9c77d310aebed8c062f8adb7fb517e8b07a7ed8c7858567f48316774bcc5d	11629	other	/usr/share/icons/hicolor/108x108/apps/harbour-sailmines.png
60b5e21c4ff3dd6325182aee34ea2091dad790059be9cdaa7e4d1a4b8315735b	14885	other	/usr/share/icons/hicolor/128x128/apps/harbour-sailmines.png
4939abe255c2d130789fa16304dbd98c037ff1a92bc5171f9cc6a9d3ada74d75	22615	other	/usr/share/icons/hicolor/172x172/apps/harbour-sailmines.png
14d04995cc011367f45d0520ab4dce73577eb63abda275fc36a1a5a7639b1bb2	7991	other	/usr/share/icons/hicolor/86x86/apps/harbour-sailmines.png
