b0f932c85a9b69cd27919e9cf64f33fdc13948f9dbb82d10104a9c6212b93b20	200592	elf	/usr/bin/harbour-dollfin
82958ff3eb310951aa949a69de215b7f3461a76671a643a0ea0e63909dac9fda	257	other	/usr/share/applications/harbour-dollfin.desktop
ff2c540b137633be8d4e1bec29ac7ed6dd697caf65f224e3e6d4d05787ff18fd	1379	other	/usr/share/harbour-dollfin/qml/cover/CoverPage.qml
38828f51af806ecbe93ccfffa8fc6a01c9af0dabde0fe736c98654ec0225fc78	505	other	/usr/share/harbour-dollfin/qml/dollfin.js
20f8cdf0aac05f32d0821ac289c62565465d89ed8939ea6e0dd42ec1079d4979	309	other	/usr/share/harbour-dollfin/qml/harbour-dollfin.qml
ca440c37a89cd8a2033ab66b5d9e4cf797a691d19b8980b0c2efba9debf6f173	2409	other	/usr/share/harbour-dollfin/qml/pages/HistoryPage.qml
da0bfd315d230805a23769ffbbe932010519f36cc8f16b2a0d55e00f4842f1bb	5874	other	/usr/share/harbour-dollfin/qml/pages/MedicationEditPage.qml
cd29f645f249b52a643fc1ec923a75eae2b5e14b6e07fa8c132dc812427ff30d	3072	other	/usr/share/harbour-dollfin/qml/pages/MedicationsPage.qml
5e499b36078c81edf271034a04fce9babe2aed774d76fa5e94ffd78546a89b95	7354	other	/usr/share/harbour-dollfin/qml/pages/RegimenEditPage.qml
bd0288c373ba35a4e513e73e9fb4463a1dafa3581314f2825c52f6a8d2c41b6a	3269	other	/usr/share/harbour-dollfin/qml/pages/RegimensPage.qml
7aa28598e164e8ea4124bc68efbac46d16784747faf04af1376bf9bcc14804b4	7767	other	/usr/share/harbour-dollfin/qml/pages/SettingsPage.qml
b9fc72b61df0bcaddb06b4b519f55b1270a750b0984ac7e2fdfc596365db64fc	4233	other	/usr/share/harbour-dollfin/qml/pages/StockPage.qml
af06fa689e37586fa680bf68fe5868fcbb4023bc65a9a32a5dcdaaeeb99d47d9	4216	other	/usr/share/harbour-dollfin/qml/pages/TodayPage.qml
9c3b256d2ac339a7759d2c6b88ebe072ba2078e894182adce16486f3b5519db1	14078	other	/usr/share/harbour-dollfin/translations/harbour-dollfin-nb.qm
e8c59de47d5cc0f2913670282f7435998006b9329d5b6b6d02edebd02762c7bf	14278	other	/usr/share/harbour-dollfin/translations/harbour-dollfin-nl.qm
58c742058858c0547466dcdd8e0e5d0e85e76c14b8025aa3ebb27ee347ef2bbc	6674	other	/usr/share/icons/hicolor/108x108/apps/harbour-dollfin.png
3eb2e5a295b05e21436476dc224a5ebea14e6abbd510b676c870afe52b998908	8129	other	/usr/share/icons/hicolor/128x128/apps/harbour-dollfin.png
8e73b829dd26b123ed21d2d315df8386a12fbf791e7e3c6c0b5bda95c2a2de29	11812	other	/usr/share/icons/hicolor/172x172/apps/harbour-dollfin.png
103b2487f8575ad75bb252e93f6c771a758fdc50d77d8a5542a2244ed0d3318a	5041	other	/usr/share/icons/hicolor/86x86/apps/harbour-dollfin.png
