f1c1803d13d1d0b755b13b23c28bd4e20e07baf9f2b744c9337ba5866aa0ec3b	412	other	/etc/pki/tls/ct_log_list.cnf
a65a2cb9f4ee8ffdc7ef4f0ac600c0bdafb95b7b1ab457188ac610a62f5ad6b3	12411	other	/etc/pki/tls/openssl-orig.cnf
a65a2cb9f4ee8ffdc7ef4f0ac600c0bdafb95b7b1ab457188ac610a62f5ad6b3	12411	other	/etc/pki/tls/openssl.cnf
83254c1593101e0ed8260fc426095a7e372e114a2adb20ee754073956d3c7a3e	68656	elf	/usr/lib/engines-3/afalg.so
7ee015860b247374668922261b781dfa8149cdfec19e7fa8e157469f0bb096e6	68668	elf	/usr/lib/engines-3/capi.so
b6d473fe0c71a03b20f62f25c7274f51efce1406daa09a1b4b4cb1530ccde8a9	81880	elf	/usr/lib/engines-3/loader_attic.so
585c6df9f23a86070cede4126e4e0b6def7292fa22f4e0b090e71891447ede57	68672	elf	/usr/lib/engines-3/padlock.so
9395bdad6d8a77464a61f9593b8829eae2f5cfb884d65981a9e543d26667648e	4200764	elf	/usr/lib/libcrypto.so.3.5.9
ddce2976ad314d1577c59c8356f5f7896e8e7244292be223af82e1db6c4f4232	927176	elf	/usr/lib/libssl.so.3.5.9
b97bfb0abc6fbf473760c9aa3811a5eba3ce44032e6ea651d85e0f4d79d681ec	166164	elf	/usr/lib/ossl-modules/legacy.so
7d5450cb2d142651b8afa315b5f238efc805dad827d91ba367d8516bc9d49e7a	10175	other	/usr/share/licenses/openssl-libs-3.5.9/LICENSE.txt
