c5a5843e9caca206f14c8f7c3a85163941f4599fcc29c1f3fe96038545d86a50	22504	elf	/usr/bin/harbour-clipper
ef14486477020f8fd496b3183221a717f2763bb718ecab6e771fa2e8e81986ba	570	other	/usr/share/applications/harbour-clipper.desktop
efbafa1997f59dca42170a9990c69a71167d9e101161f86ad1c1e19e97da1fd8	456	other	/usr/share/harbour-clipper/lib/ffmpeg/__init__.py
fc38d1e60cc418a68e2a3847c726349e0233b7d26a6cbd240b50cc15f59a30b8	3051	other	/usr/share/harbour-clipper/lib/ffmpeg/_ffmpeg.py
8fa776d52a5d917e2eda8b888cb3c8d0e0054392a758d63a1524751c8c8c37b2	22493	other	/usr/share/harbour-clipper/lib/ffmpeg/_filters.py
a7138abbc0d2016ee903b190a8b73752a7eb7ae6ae23ac031ea79d5a59a33922	1043	other	/usr/share/harbour-clipper/lib/ffmpeg/_probe.py
2a7d7778e78fd384d50652f32c8161c3f98e1b33b5d5e1d756fc027ceb671314	12025	other	/usr/share/harbour-clipper/lib/ffmpeg/_run.py
80369682830d4502b97344657830d61226f2f97bca71a0d88857d0c1d9528b2e	3056	other	/usr/share/harbour-clipper/lib/ffmpeg/_utils.py
3c247c97fbc214e0b33f89ebd59c26723e34a6f4638bf8f9f6a96a9579a8f260	3237	other	/usr/share/harbour-clipper/lib/ffmpeg/_view.py
3bb70d05b38d84bfa86f187d60c22236da054a9206e67952f33687cfa52dfc88	7812	other	/usr/share/harbour-clipper/lib/ffmpeg/dag.py
a3b69b24360e5dc4071d6bb9b839e894158690083abeffd4ed3a85a4ce9ffc3e	12639	other	/usr/share/harbour-clipper/lib/ffmpeg/nodes.py
e3b0c44298fc1c149afbf4c8996fb92427ae41e4649b934ca495991b7852b855	0	other	/usr/share/harbour-clipper/lib/ffmpeg/tests/__init__.py
bc3e5c8898200dd1efa77c2c1215cc53a8581e07515527a937cb03c9676a4aa2	336833	other	/usr/share/harbour-clipper/lib/ffmpeg/tests/sample_data/in1.mp4
89145766a29ca526279faf171da850f08c24a651cddd186e961b8227fbbcfc64	2212	other	/usr/share/harbour-clipper/lib/ffmpeg/tests/sample_data/overlay.png
d45a4868f6b4e8d7169796ac05ee62de4274b65bfbf9ebfad868551c6a287a33	23880	other	/usr/share/harbour-clipper/lib/ffmpeg/tests/test_ffmpeg.py
6bc272216f073489818b1ef59ab75f92ddeb985b33e55d68abe79b6c15b693cc	3341	other	/usr/share/harbour-clipper/lib/test.py
6240e76a8f0abdbe63bc1f69b1e59a37e0e733575763361953b9c994a14e342e	645	other	/usr/share/harbour-clipper/qml/cover/CoverPage.qml
9888a4f5c34902f56c419f2e790bc783575378ca999a2aaab4173989015aa74e	15085	other	/usr/share/harbour-clipper/qml/cover/harbour_clipper.svg
d1ac247ed23d8d0a8f13ba57c8e2606f67541f31e4eaccaa4b22446ae537f06b	317614	other	/usr/share/harbour-clipper/qml/filters/cineAnime.png
48d2c138ec5e8d57390a19a32c444bab9cb40e0a90b7fd74fb8fe1d796384ea0	202579	other	/usr/share/harbour-clipper/qml/filters/cineBleach.png
d7075f9da03a9432a104c7bed75f49a994d8330eb12e82d4fdecc82dea374438	195809	other	/usr/share/harbour-clipper/qml/filters/cineBleak.png
b185055cd1a39b23b0a0a49befc916348cdf958c99680a66b181259219716da1	422011	other	/usr/share/harbour-clipper/qml/filters/cineCold.cube
7f2310f219b9d7fc54f11284ae470c6467d9050da1a9840627117bc3756d2a60	422011	other	/usr/share/harbour-clipper/qml/filters/cineDrama.cube
77abbef43de10a1cd5f34e734284d865423a1440b090b5c2384a4b0980e1acdd	255255	other	/usr/share/harbour-clipper/qml/filters/cineFall.png
a3bd77ea67c75c46e8ebba4fe6b8548d3002665d1e28e392e8e41576999b5d50	422011	other	/usr/share/harbour-clipper/qml/filters/cineLessContrast.cube
04b26808b1620369cd928bb33fa2a45452497eea51c2f1d82d5c91bfb557adfd	168340	other	/usr/share/harbour-clipper/qml/filters/cineMoonlight.png
7640d5cce2d8f47f6e19b9706446062aae3dd9bbcf2133898650877da9aafc82	207671	other	/usr/share/harbour-clipper/qml/filters/cineOld.png
56a1e534590cae7237f2a6844ffafbe53beccd430a90a853adf3bdcf0d91a448	422017	other	/usr/share/harbour-clipper/qml/filters/cineOrangeTeal.cube
b743a68ce0e6ebb3ae988107b8885c24f58654f4861d8befcc7048b4e7713c92	299783	other	/usr/share/harbour-clipper/qml/filters/cineSpring.png
d3fc4155b12fb83b2c17335efda529f793d4e007da174595b6e006153eebb8e8	119706	other	/usr/share/harbour-clipper/qml/filters/cineSummer.png
3268ab7aa5fdcf29f0df8754a33ce18cd7db5fe9159687d25483f5d45e67cf67	195662	other	/usr/share/harbour-clipper/qml/filters/cineSunset.png
0dd2dbb06b26f88b219ad94f0b54ef85949e62da1e54c8e3034583e5d89d3a54	206022	other	/usr/share/harbour-clipper/qml/filters/cineTealMagentaGold.png
407ff81ca60c29f0211bc7e4ce41b752891bc617cbf714e363a4edd7f29968c5	422013	other	/usr/share/harbour-clipper/qml/filters/cineVibrant.cube
1d85b6250387531af468b2e05dcf8aa28f9566a124647f01633c296ef14d57ea	422011	other	/usr/share/harbour-clipper/qml/filters/cineWarm.cube
3f17cb022a4e9b0e7f3619f067bce6d3cc595ab3cf8382be65a055544165283b	194826	other	/usr/share/harbour-clipper/qml/filters/cineWinter.png
8ea8b884eb1e65182fc8b4d17285038a02b34f56cf47686e8105b5bff0749fdf	230	other	/usr/share/harbour-clipper/qml/harbour-clipper.qml
bbcaec1e73aad4868d372c747905584fd9a663c82d7c2f939b5ad665f670d6f2	2796695	other	/usr/share/harbour-clipper/qml/overlays/flowersFalling.m4v
c435c54d1b5f1d93908d592cccd506886af6770f41d21335eca5941a042a698a	1551032	other	/usr/share/harbour-clipper/qml/overlays/winterSnow.mp4
dd1cb84d9176a30c9e6e225f7071a73242bff0a4980dad74f4a80134a22ee4ea	3037	other	/usr/share/harbour-clipper/qml/pages/AboutPage.qml
18d56b9dcdaa55a652bb975753c537a66126a58eabb31b1bb6ffd92817f146ab	1882	other	/usr/share/harbour-clipper/qml/pages/Banner.qml
7eafb0dd56e5ae28b9b7f375ca44d227a9044ef7cb72ce61bff45c94ce10c702	3201	other	/usr/share/harbour-clipper/qml/pages/DraggableItem.qml
9cd676e1fc896ff1a7a234df74acff854bd35b4045f365ddaf8778eb9ade000b	636	other	/usr/share/harbour-clipper/qml/pages/DraggableItemDropArea.qml
8b1951de2683ea8afab3cd7aa5866401be2a1b808c4446602b0240a3250c61ab	312435	other	/usr/share/harbour-clipper/qml/pages/FirstPage.qml
b407054869798ee0e8fa08fa68f345539bb65a0ea6b8be5718ab4c180f3d5524	3671	other	/usr/share/harbour-clipper/qml/pages/InfoPage.qml
8de68a2f7d725acaf13de9d22f3eba1a84b24aa0ef3faedb4449f581357831e5	17589	other	/usr/share/harbour-clipper/qml/pages/SavePage.qml
b399b644ded9b09cb0620589bb4bb00e3403a3e0b6ede31b7f7eb852f672d8b9	2732	other	/usr/share/harbour-clipper/qml/pages/SharePage.qml
a625c8c42abd4bc53e1962552e9ce5410648008e2c4741f1e38e4d3c40859847	98282	other	/usr/share/harbour-clipper/qml/py/videox.py
0723003067db2287b833de453403e604d8734a33e985df0091d7841e1708f714	3162	other	/usr/share/harbour-clipper/qml/symbols/icon-l-undo.svg
42c194f7593c0716f0f1a3df640989cff3665cc7030ed94e32352ba68d3f16cd	2400	other	/usr/share/harbour-clipper/qml/symbols/icon-m-apply.svg
9cf051574e170fc11caf2f1cecbc4c7e07784d33e018eb1856722cd12f9d8863	3647	other	/usr/share/harbour-clipper/qml/symbols/icon-m-cut.svg
b06fecab075c8b7d4c386335c758d5862ce320d0a963e4b363800e4fb33b868a	3264	other	/usr/share/harbour-clipper/qml/symbols/icon-m-marker.svg
1cf6b06798f6b0456d040187acb0d49a402ccd8aa13cbc0818b4bce9291d42cf	3224	other	/usr/share/harbour-clipper/qml/symbols/icon-m-record.svg
6a43b3ff6c7a9575e9f7af80bfe53e8f6a0279e1278d9347b0ac739058984f65	6047	other	/usr/share/harbour-clipper/qml/symbols/icon-m-timeline.svg
5804d43e6803cd619d4d3529cd45c242fbead0500ffddf81008f683fa1b418c9	7594	other	/usr/share/icons/hicolor/108x108/apps/harbour-clipper.png
9875d881bb1ead9cc8c425aa3089948f4f2776fb30b6d580b9a24fad3ecce75a	8951	other	/usr/share/icons/hicolor/128x128/apps/harbour-clipper.png
a77236a5ffa0fe8c6352e39f02c7e4992f0bdd4b1d54a3cb5d19fe8ee2ac75d4	12103	other	/usr/share/icons/hicolor/172x172/apps/harbour-clipper.png
eb512d2f910c95efc9247b46b1e798fb89dba5a1e49234455ba4b1571d67022c	5732	other	/usr/share/icons/hicolor/86x86/apps/harbour-clipper.png
