a9f3a067599606c8e1897f20fd90ecb016e8e29885bcdb217b47b29810a5fa84	452056	elf	/usr/bin/harbour-meliona
023a0f2c2788d5980a8159f3b8544fc86ca6ccd749290dcf511df7cd53bc91db	324	other	/usr/share/applications/harbour-meliona.desktop
230184f60bae2feaf244f10a8bac053c8ff33a183bcc365b4d8b876d2b7f4809	35823	other	/usr/share/harbour-meliona/LICENSE
fd87ed0577ef3d1014c97e690993feaa1ab284f0d5b4e1dace75d067225b3a9b	1554	other	/usr/share/harbour-meliona/LICENSE-ASM
4eb02bd67758237aa2a69994c137d5bb5d7849cbd3c8768e64bf4fbb924b401d	1032	other	/usr/share/harbour-meliona/LICENSE-minizip
4791c94f9961a161811cbf98907f5421d1d56fcc0aff1003f00f5aa2b1359693	594864	other	/usr/share/harbour-meliona/SilicaJ2me.jar
210a9d2e677eb8575234682ecf57cff65636d1b498213b4d5ea3e7953594d9d9	974	other	/usr/share/harbour-meliona/harbour-meliona.spec
c418e2b31178e7dd59c895b85901af51630890846f53be044ad5ff46fd7f07cb	3524	other	/usr/share/harbour-meliona/presets.json
169ed465e86d4eb60699798ee24008f1d9517fe711151628e17210835187cedf	744	other	/usr/share/harbour-meliona/qml/components/DividerHandle.qml
121478af1f427caa86e859fdffc0f18df0e924820accda9640c0aa9da1641578	689	other	/usr/share/harbour-meliona/qml/components/GameKey.qml
448bbab5e008f7f1687c1bf3af3d08212d8c8330b42dee13ae1d77f9c4e50b90	9473	other	/usr/share/harbour-meliona/qml/components/GameTopBar.qml
41e65a8fd03dd2cc7134f50a849e13c34cf06849cf64acff47e7a7cc734d47f2	2480	other	/usr/share/harbour-meliona/qml/components/TouchOverlay.qml
6b3c562c6b7c22afe7329502d4a3a571a7be666ea94e565d0ad475d4d4354a98	18725	other	/usr/share/harbour-meliona/qml/components/TouchWidget.qml
6212a284327b68d02525ac8b37c095289167373b2630c1032a60824d5d8f01d3	3865	other	/usr/share/harbour-meliona/qml/components/UIButton.qml
136485a1be083324f875bf3b10c67eea280c1e90b6d52a6642bc5982cc4eea28	2039	other	/usr/share/harbour-meliona/qml/components/UIGameCard.qml
4a1ff26369ec3f987d3b4a48b00505b222d76339e19875f0f97f26557989c1c7	2998	other	/usr/share/harbour-meliona/qml/components/UIGameLabel.qml
1b5fbc4bcb8f3b828023f21372e6fd60ec6f32a022ad8f2a5afe1473cbb7832b	3671	other	/usr/share/harbour-meliona/qml/components/UIImage.qml
1921e6afe8fda1de0aa5676f463e882776f09948d3573822f2200d6f39a7d700	2152	other	/usr/share/harbour-meliona/qml/components/UIKeyMappingLabel.qml
d3623384391bb643cdccfdc6b62554509c4cf523b6f8d6075b0883b05fe4f952	1440	other	/usr/share/harbour-meliona/qml/components/UILabel.qml
4383c0e92534ad1c44a92f3269735287174145072606ec3a2ff281d4f5922383	3190	other	/usr/share/harbour-meliona/qml/components/UIPropLabel.qml
b8fd6ffe7608604ad1e6d589a5e4de49eaf37bf4935b9250a7dcd42ce9cad785	4613	other	/usr/share/harbour-meliona/qml/components/UISwipePage.qml
4a2995871e419a254576ac2a6ff3076505230981bab93f62eb6d6803278eacd8	8924	other	/usr/share/harbour-meliona/qml/components/UIToast.qml
89a438d538c08754b66fa6de2047de24db0ffb61bcecbfaf44241bfc039e5876	1620	other	/usr/share/harbour-meliona/qml/components/VKey.qml
a0657977f25a9c72678a284b65af9d26b539db8f1595682d797fe36aaa886eb3	10507	other	/usr/share/harbour-meliona/qml/components/VirtualKeypad.qml
e74a5c5637cc3cebea45ff8adc0d15c506fcf491cd8d530a126e625e1f79e633	730	other	/usr/share/harbour-meliona/qml/cover/CoverPage.qml
6044111a6c1bb6303b7546057485d784c0c4568778cd96343c90821d14a66f80	1871	other	/usr/share/harbour-meliona/qml/harbour-meliona.qml
493b5b9a165599f64692c2eaff50e33b94144ddb0121811c0be88c6655db2c12	3071044	other	/usr/share/harbour-meliona/qml/img/gameBox/handheld/pocket_frame.png
3326930fe428b03c4a9bd01d5aeda0671ebd65aa3e5d0ef5298013d904c342c5	51790	other	/usr/share/harbour-meliona/qml/img/gameBox/handheld/pocket_hit.png
cb42aed57c84aa33ccae8865314ac60dbedd34ba1813abe660a5f2c6dcf7d503	2005119	other	/usr/share/harbour-meliona/qml/img/gameBox/phone/nokia_6300_frame.png
9ef155c87f5e0977e1402a8053ba026c8d84fdb0221fe4bb653e097105689c57	73066	other	/usr/share/harbour-meliona/qml/img/gameBox/phone/nokia_6300_hit.png
d580bf866015450d67d84c68c1074e979932bf3c9778175f22a9710a95630d3e	3972	other	/usr/share/harbour-meliona/qml/img/icon_home.svg
1232d8f53077bbb32b1334331df7460b1755fd125f8a2b7bca640ea0cbe82b61	332062	other	/usr/share/harbour-meliona/qml/img/icon_logo.png
e446ed706f4e94e4f92ec0efedc38e4a8e1a90eff1c8d502a69bec08e24efff6	13745	other	/usr/share/harbour-meliona/qml/img/icon_mine.svg
de0aa57efa035419ac01ed4e7a3f32182cc451b5cbc0aa750ac6d2196fd87e55	2727	other	/usr/share/harbour-meliona/qml/img/icon_preference.svg
40ea35e06af291100e769636aeb50b518edc9262367e066dd2671f1f48477d5a	23868	other	/usr/share/harbour-meliona/qml/img/image_default_game_icon.png
d5808498fc32bc1f84d39eef176caddc640c8e69d86a5c0b8f86d87145fcf110	17644	other	/usr/share/harbour-meliona/qml/img/img_splash.png
9a7ac3719ec3f3690f127cc932c5895d09164aefb9b19f55a037fef2a9d2ab1e	32852	other	/usr/share/harbour-meliona/qml/img/img_splash_text.svg
49bc5bbc6b7b9fb8c292c0277be9cf2695c65a572f396e07050881cc845d5845	6155	other	/usr/share/harbour-meliona/qml/pages/AboutPage.qml
b7918754f86a470f26a55dd2178d2079a540cc578c8b4a93f5413a453bbf3cc8	1935	other	/usr/share/harbour-meliona/qml/pages/AddResolutionPage.qml
9393acb1a18d83c22018c92bcffe488a9eb087c6db9dca88727aef61cbb25a1a	15691	other	/usr/share/harbour-meliona/qml/pages/GameBoxAddPage.qml
eda5b3899d0548aa6eeb4b853a884fd7633bec3fc4601ed744e47919236507c8	10664	other	/usr/share/harbour-meliona/qml/pages/GameBoxDetailPage.qml
2a1adc8c2c1289480a1646c281d5936cd3ebaf137999326d11e09c95b34cf00e	8947	other	/usr/share/harbour-meliona/qml/pages/GameBoxListPage.qml
d98446dcd4c6b5cc4628c90da849ec6ebf266efa96653af26c59b6d97edc8de8	4289	other	/usr/share/harbour-meliona/qml/pages/GameBoxPickerPage.qml
c8579024f09e2ca8da6ba7e07a407e368376fc87d35be3997c022526177c8d63	22478	other	/usr/share/harbour-meliona/qml/pages/GameInfoPage.qml
42ef5a2312d4572ce56a98485f8c5d166850e08216851ea28b3bc8f96b32556f	58123	other	/usr/share/harbour-meliona/qml/pages/GamePage.qml
1937290a58cb9f200da146ac2ecb5eb09ef03db962755a730805aad42511327f	17023	other	/usr/share/harbour-meliona/qml/pages/GamepadMappingPage.qml
7c689f76c341a54c1a8d9a4565584929c2e1061d03ec4a43fe0c124d12f431b5	15866	other	/usr/share/harbour-meliona/qml/pages/HomePage.qml
0cf3e3411a884742304796c6eb6e9b88d223c2ea95465a1ccc2105e84b9a9800	1244	other	/usr/share/harbour-meliona/qml/pages/ImportConfirmPage.qml
c445751ff85dbfa6c1ba5e20c0c31b600927137b1d192ecaa40c3215158169a4	343	other	/usr/share/harbour-meliona/qml/pages/MainPage.qml
f4027034f36dc86118259cb714e84098221f1f21af948a02c38ec27312a2460e	3278	other	/usr/share/harbour-meliona/qml/pages/MorePage.qml
246f506d5eae9c68dc498f08e3e87351862e55839d710acfdbf7a81f5e4d2326	5019	other	/usr/share/harbour-meliona/qml/pages/PreferencePage.qml
9bd51888960533038ee3824462ad6c83051501bbf32626835745b471bb6e05b3	3270	other	/usr/share/harbour-meliona/qml/pages/ResolutionListPage.qml
c643f5e4d8c40652e20de83f466e069a6255119c3a38250bae88c0e36a4d5cf7	6815	other	/usr/share/harbour-meliona/qml/pages/ResolutionPickerPage.qml
d1e3b9e4071b8cc2cfb6b2aa043dd178736f8402f16fc731818002d42acef03a	2421	other	/usr/share/harbour-meliona/qml/pages/SplashPage.qml
f4a12952a10384d34a5664078d2e4d12ee2558181b08eb82d29b45e17fb2ffe6	3129	other	/usr/share/harbour-meliona/qml/values/colors/AppColor.qml
26c735c71a2d23aaf0f4ef4f3b8e18df0dd5e4c47fa7c96b2ef7cc123dd96418	37	other	/usr/share/harbour-meliona/qml/values/colors/qmldir
c5378b62028c920cb11e4803327983fee2f2cdff5dc89c708e39da417e51c854	5969788	other	/usr/share/harbour-meliona/soundfont.sf2
99eb9df5ed6a31740721d3747cdc86b14a915cbd9fcbb03fc81507d7fc114c2a	39385	other	/usr/share/harbour-meliona/translations/harbour-meliona-de.qm
9bbf42e9380e7d563077a08a849edd404dbefefe22853b7454347a18c272a0a0	37091	other	/usr/share/harbour-meliona/translations/harbour-meliona-en_US.qm
089ae7adb212e75c5f64d1ed90ce8fb1d59a9aa56abba7daec976bd248b695c8	38819	other	/usr/share/harbour-meliona/translations/harbour-meliona-es.qm
66949648dadc293b26fdb33a2bcdeeb5be82be39e56740cf23cf178c435990d0	39475	other	/usr/share/harbour-meliona/translations/harbour-meliona-fr.qm
d018198369c7c275b24307afa312334d2436c6a7422fa0aea903917ba5cce670	30817	other	/usr/share/harbour-meliona/translations/harbour-meliona-ja.qm
16704d2d39275478a899c9d76493f3b88b8ab6173dcd114d001574b53acd9dae	37809	other	/usr/share/harbour-meliona/translations/harbour-meliona-ru.qm
092af61bd505fb5c6bbb01e42aca151dbe5deaf5d6cf5d9866fd7b489b6115a9	21268	other	/usr/share/harbour-meliona/translations/harbour-meliona-zh_CN.qm
b59fb098d9bd8426b99b68e1e1724383b5b31b4b4e14b425262e35205d1e7f53	11347	other	/usr/share/icons/hicolor/108x108/apps/harbour-meliona.png
101baeec2b2caaa5460d6d87ffb4978e03b3623a442ed8fbe7fd0e4a84bb344e	15466	other	/usr/share/icons/hicolor/128x128/apps/harbour-meliona.png
f5f273dd678b3ac90d91dd1e3135858224d457e76292ada5ce4431755f43a0bd	24286	other	/usr/share/icons/hicolor/172x172/apps/harbour-meliona.png
d549d8fbc46340866bcd9a431f3ffcf6e3212a913fc270ea6a11cf37bf082b5a	8624	other	/usr/share/icons/hicolor/86x86/apps/harbour-meliona.png
