e2631bbcccd8e7acf247f2972a26942a53b783214c3647457294a08b246aae1f	1052680	elf	/usr/bin/harbour-emoump
f08708fb1d0ff1a97b189304bde1d192560a2495ab320b4e9698e812960cd14d	348	other	/usr/share/applications/harbour-emoump.desktop
e6067edac07f79541a9ce364ecc42d53915bb88edaab62d6835c5f2ef194e801	1299	other	/usr/share/harbour-emoump/qml/audio/LICENSE.txt
07182d68b34a9c5281a17a77158e3f81e29825b9ce4561bc3cd911cd252c5ef7	3990425	other	/usr/share/harbour-emoump/qml/audio/Too-Cool-for-Words.ogg
c845b4acbfc4df62054387b0b6b2d9eae0862ae3d872045cc88cabde4b479556	38886	other	/usr/share/harbour-emoump/qml/audio/achievement.wav
59175ac17cd49a68dd736285738441287636112a84a6f7ce0d89921bda5a5360	4983	other	/usr/share/harbour-emoump/qml/audio/button.ogg
231399442764f01677b47a3ee53e1f1b352f463d26f8a1ccddc65bbbbd225d03	4088	other	/usr/share/harbour-emoump/qml/audio/button.wav
176076beffc11029a2e879af01f2221f1f94a5dc60e00c3c84341f946f43e00d	31830	other	/usr/share/harbour-emoump/qml/audio/clear.wav
b33a8f14068aec24ec69ba85e5e87fdc41228975f6a1a3e44a6e7d6fc3d9f8d8	11617	other	/usr/share/harbour-emoump/qml/audio/collision.ogg
7641906f0755a7de1aaef7fc075e01ef5ee1033baff2c027bd3a3bfc8846acbd	14190	other	/usr/share/harbour-emoump/qml/audio/collision.wav
ae79d552a8738b4507a82da32891b66dba0353a59759d3a472e2acb6e0253589	25656	other	/usr/share/harbour-emoump/qml/audio/dash.wav
8163e3315e5661403ebd7dc8b065ab081afca9320fe312f0b4845f0920372dd5	27420	other	/usr/share/harbour-emoump/qml/audio/fail.wav
c60069ed7108678dd6a1306404d168a93cc2575cda37b06add9dd6c4d46352a3	6733	other	/usr/share/harbour-emoump/qml/audio/jump.ogg
7f6272e80c8c093ea8177d81ff9133c877730b9c804adc9ddb2236dedd7dce33	19482	other	/usr/share/harbour-emoump/qml/audio/jump.wav
64851d41b974088a6c71487ba99cd4abcd20a9eaa58e1c491f74273a688235b9	30066	other	/usr/share/harbour-emoump/qml/audio/pass-new.wav
f1d60e6314205d5e1d5f91b8677a70e02c39e12961a746bd919ef6a2d9deb49a	9780	other	/usr/share/harbour-emoump/qml/audio/pass.wav
8256f4fbdae6bd1253a0035946a98816bf811877dca4ccc307f3117232e2b4fc	8016	other	/usr/share/harbour-emoump/qml/audio/pickup.wav
c67ee4f644296065b6c13cf237a6343250662d01257701cbb3b0c631ff884628	23010	other	/usr/share/harbour-emoump/qml/audio/shield.wav
d88d6065ca74a5af8750cea98f486289f0fc9472a8db65fb699eaaf5b9191fec	4042	other	/usr/share/harbour-emoump/qml/components/SkinUnlockDialog.qml
4f197828dc73ad13013a24d05b755ca808930d2e51a5dbe85be461777a679c1f	2337	other	/usr/share/harbour-emoump/qml/components/UIButton.qml
720f7a0ff649ab8edf81dd6a3358ed8f70c61550d80b8edfda09cbc65b3ed17a	7754	other	/usr/share/harbour-emoump/qml/components/UIEmoji.qml
ae551ec98cd3650cf36d757d9318986eb2436042ce9421415de73109a022ab10	3683	other	/usr/share/harbour-emoump/qml/components/UIImage.qml
2fb10a134d7f20083f73737312c5b820a89cd52ddf2f6ff2f42d801c87ef2378	1763	other	/usr/share/harbour-emoump/qml/components/UIListItem.qml
d54d6c294217bf2f2a77ac963e79804d572e3cd2bf34e732a8304904f87fab0f	4261	other	/usr/share/harbour-emoump/qml/components/UISwipePage.qml
f6886e75cf716c8ba84933c45a92cd3db99f2b52a488184d740be6431b604ba4	5960	other	/usr/share/harbour-emoump/qml/components/UIToast.qml
c27fa7be8f522598357ecee041f0314d93cec520cf87d9870b15dc61a95bdbc7	8835	other	/usr/share/harbour-emoump/qml/components/audio/AudioManager.qml
730923add5748016bed3f98775ba849cc2c7429a07ba750854059683a6ec996e	45	other	/usr/share/harbour-emoump/qml/components/audio/qmldir
8dda1121e17628976bdc6c97837c23e64f81fc91d18236131b09a1437373860f	565	other	/usr/share/harbour-emoump/qml/cover/CoverPage.qml
5226cd2d14fb83dcb93fc599799e462ee715582a80ced3e1b867a1a646b941f8	1167	other	/usr/share/harbour-emoump/qml/harbour-emoump.qml
45909fc9c8ceef02c2e28774ee52d963c8dcc8bdd7b6aea0ce7615551bc46e28	153	other	/usr/share/harbour-emoump/qml/img/.gitkeep
63321606e49bc42004d81d3b005ac78d67d58e07d86c2c9aa5108f56b6e354d5	86649	other	/usr/share/harbour-emoump/qml/img/boy.png
4c31c9bb492b86ddf1d227bbde29deba6f2510dcb2bb87d2c1bf87400c8f8274	95935	other	/usr/share/harbour-emoump/qml/img/emoji_die.png
2ed485ba7275ace9842fea73ccfa49c5e0a3731a930675ecb02915b0734f3ac9	86928	other	/usr/share/harbour-emoump/qml/img/icon_logo.png
1cb9b21d5991e4be76fb4e301ae6a268cd1bdfc03cac3b3ca355206daf28084b	946	other	/usr/share/harbour-emoump/qml/img/icon_rank.svg
840af80ba116601cb7de70341cb9c0b250b7daec2ab976aa222f5b8557a75750	2415	other	/usr/share/harbour-emoump/qml/img/icon_setting.svg
19424248fa83e1c4dbbe95c5569bd6959e2dec1f682009b8fd6e9da1f333daef	936	other	/usr/share/harbour-emoump/qml/img/icon_skin.svg
3326c95eb6189506f3b1c22484351ad6de5a0c43cd3c4c01c0bfee10b3fa1ac8	495	other	/usr/share/harbour-emoump/qml/img/icon_start.svg
c0615bd4d69f0ec6e1e1288df0a35f0a977fbf7bcdce887af011cfff0d888a7c	2800	other	/usr/share/harbour-emoump/qml/pages/AchievementsPage.qml
2a404a4a7083862c43633a94927240bb84a80ea3b89fe6641c7ee83ecf60479a	80339	other	/usr/share/harbour-emoump/qml/pages/GamePage.qml
d184666b41be3bd090a015340e8d9c82f4b68b610a29e935692cce31a2651e54	4429	other	/usr/share/harbour-emoump/qml/pages/MenuPage.qml
d51dff557bb5f103e46ce43379b6ad4e2f919b8106507a30ebc1d4d4da4284e5	5060	other	/usr/share/harbour-emoump/qml/pages/SettingPage.qml
d6437a559b7671e0a42e56fb77ce821dae4d431eb96968f95f46fe7a4b4a7c13	5642	other	/usr/share/harbour-emoump/qml/pages/SkinDetailsPage.qml
9adea285616042f42de347509b3edd964df0b97696227f94edc2132347334a87	4796	other	/usr/share/harbour-emoump/qml/pages/SkinsPage.qml
c7d725005c8c70600480266e511a78cfd2ac18d5f3bc7031a0190bd9deec40b0	2061	other	/usr/share/harbour-emoump/qml/pages/SplashPage.qml
940d0b602e17ac9a739c71f3223110db09cb66d82700e8139289c1734f60f2c1	2606	other	/usr/share/harbour-emoump/qml/values/AchievementTexts.qml
c7396041aa72e685a2b1b700b1eb0d723ae6edb8943a499e4aca0617344ca3db	3556	other	/usr/share/harbour-emoump/qml/values/colors/AppColor.qml
26c735c71a2d23aaf0f4ef4f3b8e18df0dd5e4c47fa7c96b2ef7cc123dd96418	37	other	/usr/share/harbour-emoump/qml/values/colors/qmldir
1235032cfb36d39e8991230535c31bd8f0c90bb77b92df346ea3fbe5e611c195	11368	other	/usr/share/harbour-emoump/translations/harbour-emoump-de.qm
728fe3d89932953a9f07bec8180b3cc164794cc71303ad788f5eee58570fd550	10172	other	/usr/share/harbour-emoump/translations/harbour-emoump-en_US.qm
e45cb9d040a5a0ce19bbdef3809f46bcee80a17e82d27447fb22ca62c8d1cc79	11362	other	/usr/share/harbour-emoump/translations/harbour-emoump-es.qm
a10882ed3f201ef6d87bea09e373cafb3828a18fdb1e9ba5725f9ae1dd6bc24a	11090	other	/usr/share/harbour-emoump/translations/harbour-emoump-fr.qm
55764322c1bf131a128bf7f81edc815c73940eb1ce4a5163cc2b7102ba2f717d	8288	other	/usr/share/harbour-emoump/translations/harbour-emoump-ja.qm
56a79b0ce37b1fb4cd47287643f359279518926343f207f56b528f3b8bbf719b	10784	other	/usr/share/harbour-emoump/translations/harbour-emoump-ru.qm
a044330127ef9279b68d06968bbb20e477d045158ea36549038957e7464898f1	7582	other	/usr/share/harbour-emoump/translations/harbour-emoump-zh_CN.qm
322979c5014d088dc65035184def41fa992a6ba1cc7ccd2f1296524dc8a86f60	7578	other	/usr/share/harbour-emoump/translations/harbour-emoump.qm
9c10ea2e11a609d103457d8e15a1b9f6871df890478a630b1c53146a2d9a95ad	7509	other	/usr/share/icons/hicolor/108x108/apps/harbour-emoump.png
3480b3adf392de557e066951b5c8606516724cc7fe8452df65ebb6c0f8adba66	9481	other	/usr/share/icons/hicolor/128x128/apps/harbour-emoump.png
686394be3328161a570fe57819a8f779fc320605930b6e50f024f476f28b1a9c	13329	other	/usr/share/icons/hicolor/172x172/apps/harbour-emoump.png
828cd3b22e8ee0925ef7f38993956e43c915521cf5295d05af715f367f44b906	5917	other	/usr/share/icons/hicolor/86x86/apps/harbour-emoump.png
