8ad862b82da71c755ed51868ac59449c390c5b2ca9312c7164d78b0232eba64f	576968	elf	/usr/bin/harbour-nami
52129af22ec3c6a9519cdcf00dfdcd4ce9d537e1cf5e0f8f4053474013f4eb09	1645504	elf	/usr/lib/harbour-nami/libopencv_calib3d.so.4.8.0
c956b3a8cebd3f01cda61631946c8f7b195024412528bf2bf663684b68fbb1f1	2750684	elf	/usr/lib/harbour-nami/libopencv_core.so.4.8.0
a2b7b9ce875bfcd06e3f49f9a0d1dd07900501249c4a8d869397e78f1877424d	5271532	elf	/usr/lib/harbour-nami/libopencv_dnn.so.4.8.0
9e6adc8a9e444788024143c3e5ef2dd04d4f6c07d042aacd19d81b6e76c81303	575672	elf	/usr/lib/harbour-nami/libopencv_features2d.so.4.8.0
581e2ca7cb81edd09877d021738112ea8c245f21c6d4b4d666aa91fab7e56766	443660	elf	/usr/lib/harbour-nami/libopencv_flann.so.4.8.0
1b7ae469ea355e7e6563891e9c4a3fcc7c38b578e8530e8e174a3329dc235027	3126944	elf	/usr/lib/harbour-nami/libopencv_imgproc.so.4.8.0
ed2ccd9f122f19d0129524b9f08874e82bd962ac849df34514a0ed7e11dee6d6	927784	elf	/usr/lib/harbour-nami/libopencv_objdetect.so.4.8.0
5358c0b84d554494712a5dc8de2593c5db1c38d6dee09e390d5d7161eab7ed5f	491	other	/usr/share/applications/harbour-nami.desktop
bfe92dd0dfa378fd03f440513b24fcf296326da6ec7dddd557884769baffcbc7	4845	other	/usr/share/harbour-nami/media/README.md
5f2adc1ada4e2f7760bcd163420405ff35f29b9d45abbce3ba6e01a7b01b187f	2702	other	/usr/share/harbour-nami/media/bauhaus.json
833e558180a7d2684f0592d527ac603271fd68cedcc6f5e440b070232a4f7bb6	762071	other	/usr/share/harbour-nami/media/bauhaus.ogg
99a6b13167935b5dd6170f3eeaed472742904e8ba6d7936c44757592f722d833	3064	other	/usr/share/harbour-nami/media/energetic.json
30d8fd121bbc879411f46af8e61c95b633ccbcc834df663869ea271a51e15ecd	738409	other	/usr/share/harbour-nami/media/energetic.ogg
123c381e805b46eb12ddbde7dd6d9bb77872e1a3cb39ff38f9730bc8578ecc52	2922	other	/usr/share/harbour-nami/media/polaroid.json
f87a2dc295b870b2270f31f7fae3e06e8c5aea9c279d6caad7fba4fab89fc77e	754037	other	/usr/share/harbour-nami/media/polaroid.ogg
469c18c555b67133fa3fe2c5885d247b1895189d0358c996cc748beedd2ad0e9	2545	script	/usr/share/harbour-nami/media/prepare_tracks.sh
07eafc20a830def69e30ee198edfc63b4d658be0161d688941a21ceb33c8b236	2880	other	/usr/share/harbour-nami/media/sentimental.json
ff5959ca1d47ae5371474025225ddb553e8a4a400108d0f8b6280125420f7d93	689364	other	/usr/share/harbour-nami/media/sentimental.ogg
8f2383e4dd3cfbb4553ea8718107fc0423210dc964f9f4280604804ed2552fa4	232589	other	/usr/share/harbour-nami/models/face_detection_yunet_2023mar.onnx
0ba9fbfa01b5270c96627c4ef784da859931e02f04419c829e83484087c34e79	38696353	other	/usr/share/harbour-nami/models/face_recognition_sface_2021dec.onnx
dc4996cc837e8fd03b082c2878f0419b90560e0ea4f61251752250a229f60dad	2121	other	/usr/share/harbour-nami/qml/components/ActionLine.qml
097f524f5ae38fb48a002bf1dc8605b814c0fd81a596c7a389382285b0c261e8	3901	other	/usr/share/harbour-nami/qml/components/ClipAudio.qml
f900eb195e3629309cd4274f6dbf86d6cb84ad7a8c129028806b7489119f9f39	3346	other	/usr/share/harbour-nami/qml/components/ClipFrame.qml
cae2474c8f3075a142d824799a0b4a17b20f661f5f9eef4902f1b174a0435782	1410	other	/usr/share/harbour-nami/qml/components/FilterChip.qml
4a1f1821c8051e01b98d29f34cd49504c038a045e1a5039234747e3ba71e2081	1518	other	/usr/share/harbour-nami/qml/components/InfoBanner.qml
3633be593201cbd24aba4a55b3c0f1b2d2140ed783d17aa764f806d3fdb7dd38	2593	other	/usr/share/harbour-nami/qml/components/MemoryLabels.qml
38349cc55daecd940887a9cc6a38987449a305a080421f6d5f36e1d099fb8222	13513	other	/usr/share/harbour-nami/qml/components/MemoryPlayer.qml
0d29024ae0d228db61b077099a412345e15236ddfbd690b4edaf577840ebd18a	2578	other	/usr/share/harbour-nami/qml/components/PhotoSelection.qml
ed153113c0219a3da319a9f921576573765d31a0fba8ec7c622131b603303623	4053	other	/usr/share/harbour-nami/qml/components/PhotoSelectionBar.qml
dbc80bf412f9f02ef0b5255bc4dee424968c63a9b0873a97821a3b60332d543b	1346	other	/usr/share/harbour-nami/qml/components/PhotoShareAction.qml
69993a644b6bf172c212b1d6bdaace9e38daa8ee2ac2cae66a8ef3a5f422de4c	2662	other	/usr/share/harbour-nami/qml/components/SectionMark.qml
7773f4bead3ae6da8873db583a55a744f0ac5d082e81e280abffc067d8995344	1058	other	/usr/share/harbour-nami/qml/components/StyleLabels.qml
3464babf0b1a7595f6f74a8ab8d874cea84b26a25b5059c480ef252432cac370	19660	other	/usr/share/harbour-nami/qml/components/TripRouteMap.qml
1d638a536acd09deb2d92684c7a1861f614177f966f2aee9879d3aa67ace2810	7741	other	/usr/share/harbour-nami/qml/components/ZoomableImage.qml
de04787733240b0eb75069cf4b9b934353e810aa419cb1af287f661d0d98554f	6839	other	/usr/share/harbour-nami/qml/cover/CoverPage.qml
353b5ab900fa63383ffaf931b4998e787a296bc2d3d860e7f99d76ceb08ca839	924	other	/usr/share/harbour-nami/qml/dialogs/ConfirmDialog.qml
4ad0074a8ee1c6bd0906a8a36949edbe29efd8f6f8b74a72d330493dcd7e0ef4	3020	other	/usr/share/harbour-nami/qml/dialogs/PassphraseDialog.qml
2bb4cfdbb65ccf4a0a58f84dfb26fc9f10ba4a54f6ca982a227f76305609b1e6	1677	other	/usr/share/harbour-nami/qml/dialogs/RenamePersonDialog.qml
e0c120e2f34b3fe60967adddf2589f89c1332779ab15f804bc222b33de10f8a6	3229	other	/usr/share/harbour-nami/qml/dialogs/RestoreBackupDialog.qml
660fe5fed926627d49cb87d315afd4b0321cc544781ec875079e4a871d481d3b	4527	other	/usr/share/harbour-nami/qml/dialogs/SelectContactDialog.qml
2439cf27b5ad3742d3afcb0cd1c78efd9acffd6e33a0e6213522c43d19cc9e16	11423	other	/usr/share/harbour-nami/qml/dialogs/SelectPersonDialog.qml
a00612337a83f947ae59923012c8365b42cfbff5d56e71d25b8b2bbd10f4d59f	2482	other	/usr/share/harbour-nami/qml/dialogs/SelectTripDialog.qml
4c24bdbe6edf78514814f9491e398e69d63363e1b06bd114779d26332fa88fdc	3467	other	/usr/share/harbour-nami/qml/dialogs/TripNameDialog.qml
ec8cb74980efcb98325b71831b132881b5cc6e240da3d351749a4acf644a61bf	993	other	/usr/share/harbour-nami/qml/harbour-nami.qml
b4eb2c20cb2db561110bbe12980d1e150429a7c66045532ffdd333244bdd7317	314	other	/usr/share/harbour-nami/qml/js/eventsettings.js
1c991f3c6d38f835dc27d8a037a82d3d483192a174e7035c3ae4994822876002	3093	other	/usr/share/harbour-nami/qml/js/eventsmodel.js
53b50971f058556aeaaef1ceb068b3c9f41400c575a9b4bc8a0a31a014696a9f	1358	other	/usr/share/harbour-nami/qml/js/faceutils.js
f6d203e5319275531127f206961c3df76f830206c8ef1a7e5942098e67a1d2ad	498	other	/usr/share/harbour-nami/qml/js/geoutils.js
b7acd8caeaebbeb45d28f7ab8dadce9e4da7e026b65928e06675fc2f95dc0bd3	4739	other	/usr/share/harbour-nami/qml/js/memories.js
fbdee4740b0ab8987dda1a4602fdf444d357e152c597afb3af44c0e103151994	3652	other	/usr/share/harbour-nami/qml/js/mosaic.js
d609b2d76a8663df540b24e333997913705321539d97fbbaf713e51f0e963d40	3569	other	/usr/share/harbour-nami/qml/js/scatter.js
4230490db662312be80865cf900df5dcdc6e06477c181d88c63a4aabe0cb8b5b	2863	other	/usr/share/harbour-nami/qml/js/share.js
63794e29f01e63c6127b04b9bec7aef52419373c1d3c1542214c0735f9856dee	66607	other	/usr/share/harbour-nami/qml/js/worldcoastlines.js
2e92a5ef366d399069345bf17c5dece2be9d33fc423d6c31a02b07ffb4cee002	7297	other	/usr/share/harbour-nami/qml/pages/AboutPage.qml
d4836f0a934b57fc403aa2341c50920ad0ffbbefbc728480a60329c251338f0f	2181	other	/usr/share/harbour-nami/qml/pages/ActionSheetPage.qml
2d189055c55e272229eaf16d84c07bc8af66df1826ae727381038082e68d114e	7522	other	/usr/share/harbour-nami/qml/pages/CreateMemoryPage.qml
a8ef00b42c2f06795a7ac04a0c747f40b534b8b3094781782f1bb67fd40bccd0	10243	other	/usr/share/harbour-nami/qml/pages/DayPhotosPage.qml
d278150ff1d8b4f082c291117017fc558e66a173c2ecc1ec5c6bf7556efac297	32085	other	/usr/share/harbour-nami/qml/pages/EventsPage.qml
aee9fe0edfe6e5a87018738d8ccdd364b6f9123b2b15056105f4ab78f2a12bdd	3711	other	/usr/share/harbour-nami/qml/pages/FaceInPhotoPage.qml
cd77803ba9827b37afe9d019afe65cb29a34314bfed0f90ea5f6b20f47cdda30	24073	other	/usr/share/harbour-nami/qml/pages/HomePage.qml
78516e6d7b874c592f0097992b3a202632f57f1a8702f57a638c36b983bda721	15614	other	/usr/share/harbour-nami/qml/pages/IdentifyFacesPage.qml
6789b21ebe8200ac0bf8d041d81d91fec8ec938878189baf4d0ca517cd65986e	5622	other	/usr/share/harbour-nami/qml/pages/MemoriesPage.qml
14113ec02ec108347503b9598abd42b38f4c77725002faf7755831a29563e41d	20924	other	/usr/share/harbour-nami/qml/pages/MemoryDetailPage.qml
e598dd0fcc7b610afc3468cc1acde0d5237e2a37b8eea092633850d9bf99a8a5	6695	other	/usr/share/harbour-nami/qml/pages/MemoryEditPage.qml
ae9bbc9e0ad1978130ba84208ddd2bce4b2c1d821b5c75c9e6e8848fa95d9251	25266	other	/usr/share/harbour-nami/qml/pages/PeoplePage.qml
e466f0c374946a26f1532b9782bf41e98666ccbbc828b34e639c21f3711afa5a	30729	other	/usr/share/harbour-nami/qml/pages/PersonDetailPage.qml
ec9cc8c96d55750713b8519ac8d2b338ad2b63374ebb459ab48cf5832e65616d	14927	other	/usr/share/harbour-nami/qml/pages/PhotoViewerPage.qml
74affcfc32eafcdfb51e992a69e3bcf91f69fb9194095f57af95ee53c0d0ab49	7521	other	/usr/share/harbour-nami/qml/pages/ReviewMatchesPage.qml
7d04961274379e6f803e90248adce29f7261f751fd690fa07f183503636b9fc3	12715	other	/usr/share/harbour-nami/qml/pages/ScanResultsPage.qml
a21aa810048123c86d23774891f8303645990d593511a26b1ea0fb48436723d6	9004	other	/usr/share/harbour-nami/qml/pages/ScanningPage.qml
f113ab03161e24abee6733ee075f926b25ccbdb9c9d14dac4fee03fafbe7d37c	22081	other	/usr/share/harbour-nami/qml/pages/SettingsPage.qml
a529138cc73b32d5e3ef15c52a38f3c67fb4136d183cc2728108f0db2f9c0a19	27327	other	/usr/share/harbour-nami/qml/pages/TripDetailPage.qml
880b2f33d50e687cf5bbd1b7ea1aa0db1397833fdb80418a5fdefd1fce503bfa	15450	other	/usr/share/harbour-nami/qml/pages/YearDetailPage.qml
d359ac80e6cced65ee667fe8ca763a36262f1ce0362841ebbd2ffe11275d6718	6097	other	/usr/share/harbour-nami/qml/pages/YearsPage.qml
65de68e90205da9cc5e7dad7e61f9e832725d7634060a45898defc5bbfed2f45	44906	other	/usr/share/harbour-nami/translations/harbour-nami-de.qm
07753ae6846a0689b6161f157feb7cf9fbe7a2850f2d1ac8ace388507f307068	1258	other	/usr/share/harbour-nami/translations/harbour-nami-en.qm
c8a75ab01282f0d25068b5c85a2834bda387cb9f6a5e8ee3708c8bf6c0436499	44004	other	/usr/share/harbour-nami/translations/harbour-nami-es.qm
470843bf416159a51056c4d718ffc33809be5bbe50860e425d0975358076e88c	43168	other	/usr/share/harbour-nami/translations/harbour-nami-fi.qm
97625a4b5177396c346cbdaff983cee4201dedd2ed06e969146f45bbc1ff2137	45326	other	/usr/share/harbour-nami/translations/harbour-nami-fr.qm
0d77c1012ba89a9ff24dc156eaa305eb763e7ca27cdbf9566ac6ac3664c30d6b	44104	other	/usr/share/harbour-nami/translations/harbour-nami-it.qm
38117fb23288aecfc7955ca393028addd3c4b85b54dbe10fef13909f14517026	42878	other	/usr/share/harbour-nami/translations/harbour-nami-nb_NO.qm
9959b510b15d18937848ad13007e30459d2e993c67e564badbfc18f935695c85	16	other	/usr/share/harbour-nami/translations/harbour-nami.qm
cac7d81b4c4a202b2bfc3cd1cac1e95ddb0cbffb0e1289a606eaeffcb83def0f	14446	other	/usr/share/icons/hicolor/108x108/apps/harbour-nami.png
c04e25f462c5c5fe5caebdda267a9e61bed24a076048e8c5f94bcdbd1565e4d3	19235	other	/usr/share/icons/hicolor/128x128/apps/harbour-nami.png
a368963797b9ad5aaae88bd766e57dcca985ddb4d03fb092509df2413028f097	32813	other	/usr/share/icons/hicolor/172x172/apps/harbour-nami.png
266196153f817fa3ea265a487aeab58adf2dced23960c587e0e2640941a1de82	10064	other	/usr/share/icons/hicolor/86x86/apps/harbour-nami.png
