0decce4689b4e3acf21406096af4db594cf990afc8c7da59915cb239a6ba1137	417900	elf	/usr/bin/harbour-watchlist
1a680e8ab25ed58f7a613de9b387d0dab3468a753cb01ddbb6905ef4b4dee100	624	other	/usr/share/applications/harbour-watchlist.desktop
7b1556c649d40fcadda1e6248de7ccf51bd3a74b9bacfd5984ef3cb85f2f0ecb	2791	other	/usr/share/harbour-watchlist/qml/components/AlarmNotification.qml
e5bfa6648f2712b8d5373f46a35b5e7668f93dd7896a744dec1b32f4484fb401	11925	other	/usr/share/harbour-watchlist/qml/components/DividendsView.qml
ffbdf277d447217ea53739098eb6d38c1d1a233baaf75e27ad062fdfeedb471b	1421	other	/usr/share/harbour-watchlist/qml/components/EmptyModelColumnLabel.qml
084cc321303d1babb5aa6e2acf3ede6af30710ac34d67eb8c1e13df9ab37874b	1359	other	/usr/share/harbour-watchlist/qml/components/LabelOnlyRow.qml
845fbac373a725565953ab00aa35f4d013312a2ec3c53cff4575cb18ac8b8bfa	1772	other	/usr/share/harbour-watchlist/qml/components/LabelValueRow.qml
199ea0594805af8b00a3e9a56f7ea6b7635314be253dd0df31e542d18efdfbe7	12598	other	/usr/share/harbour-watchlist/qml/components/MarketdataView.qml
b3c0d7a3965959d340291037269817e3a51e688f528838088f474dd45ec76142	1887	other	/usr/share/harbour-watchlist/qml/components/NavigationRowButton.qml
0d52ff84f836df38181ee5233bccda710eefb4dd84b6e63409321858a235c628	2242	other	/usr/share/harbour-watchlist/qml/components/StockChart.qml
ff1cdf700ac020d5a445e3a1de6fdf80b5093249dbbb4b989149ece494b14473	9202	other	/usr/share/harbour-watchlist/qml/components/StockChartsView.qml
f321d92bbc9564e86fe39c2b422c7e3a770c554e9af36b0419eed78217d70a36	8967	other	/usr/share/harbour-watchlist/qml/components/StockDetailsView.qml
6ae9315d8dfe80d26fae1659f3769149463b664a206de4b5a9a28c1f73937e2c	7445	other	/usr/share/harbour-watchlist/qml/components/StockNewsView.qml
07dfc57768c444a644293b81a722a06a684a386d332bc4c4a647d00a46fa096d	20001	other	/usr/share/harbour-watchlist/qml/components/WatchlistView.qml
5a92ed30f8a5d6547889b6feb919dce5395bfbe612ccf92b0a39584546881bc9	261	other	/usr/share/harbour-watchlist/qml/components/thirdparty/AboutDescription.qml
7bda2c0b7b3b1ac1f0a914a4fb8ad6baa1a6c1dad491c55e75ba64be71a02189	994	other	/usr/share/harbour-watchlist/qml/components/thirdparty/AboutIconLabel.qml
147f079a15a6c162a0ac8cd6e965aa7f290ada33abfd5db352e64461ef7ef62a	2152	other	/usr/share/harbour-watchlist/qml/components/thirdparty/AppNotification.qml
82dd90a3318c6f014e9deda8a8de3d77ea3531363b9e4ca86c04e3db9865b3c6	2184	other	/usr/share/harbour-watchlist/qml/components/thirdparty/AppNotificationItem.qml
8cf80ccfcdff9884f9a210149fafb168a5558b0485f5370df9ba545371287b86	171	other	/usr/share/harbour-watchlist/qml/components/thirdparty/Axis.qml
6d3d260359fcad48c5b047dd70ce59c27b1dc96acbd49116d485c498599bc5b1	12198	other	/usr/share/harbour-watchlist/qml/components/thirdparty/GraphData.qml
454ad00998af1f60e0dc8e21ec7ff9421ff08a492430c9025c0566d104c0d69a	2018	other	/usr/share/harbour-watchlist/qml/components/thirdparty/LabelText.qml
a971d2fe7b956a418a3459b974472b4b16c3938a20aa6438d5cd9c3c8f3982e8	1639	other	/usr/share/harbour-watchlist/qml/components/thirdparty/LoadingIndicator.qml
246771d71c6e596ce77a76f46aa51a1e1a3207410fece3e0fb3adaed9c1e1549	390	other	/usr/share/harbour-watchlist/qml/components/thirdparty/readme.txt
ca047237d1e8c65846fa7699206cf21bd0042ef368d3ec98ec5651ed58f0e668	9205	other	/usr/share/harbour-watchlist/qml/cover/CoverPage.qml
dd27329134172a04f5bc3652b5cbccd25cef5fd080a8290761c0faafdad3ced4	2951	other	/usr/share/harbour-watchlist/qml/harbour-watchlist.qml
f9ff70df81e682e66be31288704ca567ea0837a3c7930eefa56b645777341841	7610	other	/usr/share/harbour-watchlist/qml/js/constants.js
a5efe8f4a2ba882398776cbb13834f822f4885af33469c1a4af87dbed99a9556	28878	other	/usr/share/harbour-watchlist/qml/js/database.js
40b1be312d822e2afdd74433714a8bed9b642ae09e905d835ff3eabc5bf866bf	6168	other	/usr/share/harbour-watchlist/qml/js/functions.js
a0623d5af4750f9b0c39b71a830fc84a0a79137900b6febdcfe1e35576185c80	4760	other	/usr/share/harbour-watchlist/qml/pages/AboutPage.qml
1d6b7e7bfc1f447f3585f78e3d98a54c08e864c4ce10f2f90cd7c26498c119c8	4220	other	/usr/share/harbour-watchlist/qml/pages/AddMarketDataPage.qml
b992c5cae8e13f65aee881446250d56b9a2d198f9d56c12445326ed5521e52c8	9186	other	/usr/share/harbour-watchlist/qml/pages/AddStockPage.qml
02f2e2a8568afda918cf2432e6cb4fd8e70370e9ff8fd402c39c8790de55de4a	3829	other	/usr/share/harbour-watchlist/qml/pages/NewsPage.qml
023143f978fac6edc411fc61848f40aeb933a7685af0f2c9f4427f7a889a3761	17015	other	/usr/share/harbour-watchlist/qml/pages/OverviewPage.qml
c6bc0de146b9e8ded20975d80ce828b1b1d7cd8db2a14574aeddcf0155f14e7e	4968	other	/usr/share/harbour-watchlist/qml/pages/ReferencePriceDialog.qml
fd62ad7182f121ebfad752248a6fb01c63f1de294ff91624b225d0dde1b01441	10467	other	/usr/share/harbour-watchlist/qml/pages/SettingsPage.qml
fb9d1bc1c356e2fb9455dc74fd90cd995544dd71b3939f558bb59ab4ef1564ff	4611	other	/usr/share/harbour-watchlist/qml/pages/StockAlarmDialog.qml
9dfd4f3e5aa561a274b9792663d1bd9997e4f076a2b645044ffa560195172b53	2762	other	/usr/share/harbour-watchlist/qml/pages/StockNotesDialog.qml
24a1da4f09b749c8c86b4044f02c37f87e3b904fb66a264f038778b8d028d132	9103	other	/usr/share/harbour-watchlist/qml/pages/StockOverviewPage.qml
e482cce20000d4227264206a47cba5969ff07d7f10319a873d5736bdb7f88d63	2826	other	/usr/share/harbour-watchlist/qml/pages/icons/github.svg
f76fbd4d1c82a5f6512e4896af9eaf7cc12c73d48c98e6940bbae68cd1ff4d85	7189	other	/usr/share/harbour-watchlist/qml/pages/icons/liberapay.svg
6b6845dad46d99f4b17543b893848bb1c4d1f095fdc43e489cffcb885f59c709	1607	other	/usr/share/harbour-watchlist/qml/pages/icons/paypal.svg
c5998be995e90fbd3bf0daa044a70a72421f88299897d8376239904e18a8db8f	18647	other	/usr/share/harbour-watchlist/translations/harbour-watchlist-de.qm
964cb40325327584fed427c5e46bacfdcd2b5080d56372f6d559a8ff96376be8	18424	other	/usr/share/harbour-watchlist/translations/harbour-watchlist-fi.qm
5d3b6327d2b50f697aa511d43ed3d2b39050e6ee2bfdd9342d5c9704dc450fdd	16129	other	/usr/share/harbour-watchlist/translations/harbour-watchlist-fr.qm
7303550673accbb1f6265881a5d7a77373ea959a00ab1f5175cd94f553caf6f6	14917	other	/usr/share/harbour-watchlist/translations/harbour-watchlist-ru.qm
b02964dbe8ecc9d000216fe37d02ecb4bcc3d5ed391461e5f10121bd61e656d5	16332	other	/usr/share/harbour-watchlist/translations/harbour-watchlist-sv.qm
4683e4a4c7595d4b0902c4540e92af05717d46441a90442e4448b5d141f54510	10972	other	/usr/share/harbour-watchlist/translations/harbour-watchlist-zh_CN.qm
1d9b6a948ced70b713b0630648e78dacd189be83f2657ff7ee8e7d4f18c2b7a5	5953	other	/usr/share/icons/hicolor/108x108/apps/harbour-watchlist.png
b88266629063012d652cdb0cdbd1a900594e8540f10484a196a5f64f685ebf8d	7095	other	/usr/share/icons/hicolor/128x128/apps/harbour-watchlist.png
18b6ff8c2a0bb9e5da311e570d01d06124da97e60ab7bf60c0cb981cf639382b	8447	other	/usr/share/icons/hicolor/172x172/apps/harbour-watchlist.png
f4c6bfce878ed63ec010321e8f579afeda22147dbeb6db5386b449404669dd58	29030	other	/usr/share/icons/hicolor/512x512/apps/harbour-watchlist.png
12f06ceeb329fcab9f7731e1daee277f8777d935d5222185d3611600469859b3	4236	other	/usr/share/icons/hicolor/86x86/apps/harbour-watchlist.png
