bba70c2d9a59a64e912f2e53c12cfab5286f30f52a9a1e659fd67728c5639fb0	1308716	elf	/usr/bin/harbour-eureadia
a68edf382f3e46fb5451f01a956c9634f47484cb2dad339401e961cf1fb57988	924	other	/usr/share/applications/harbour-eureadia.desktop
65f5b2443448ec0b10a4fc97c5a89d5b2c437b84b4ce8938f47da0597b800528	120	other	/usr/share/dbus-1/services/com.unapp.eureadia.service
fefe36ff731e3f95bd7278b5a2c0aece8e71b49a1bcd8f67ddf5798d2654424a	2065	other	/usr/share/harbour-eureadia/harbour-eureadia.changes
b3059fd8b71797a0caa548f3efcdae9d00aea39cfe6991f53051e0222d0d7a29	1145	other	/usr/share/harbour-eureadia/harbour-eureadia.spec
b215e48f4ba7283613391bbbc482445627330f99d7f76509cf939b6cae28b710	590	other	/usr/share/harbour-eureadia/qml/component/SearchRecord.qml
0dc55a4efc704e886a40142b3b3d9531b12b63c898ed77adf3fed08ef195a273	4204	other	/usr/share/harbour-eureadia/qml/component/UIAppBrightnessSetting.qml
0cce19c26468afc822ec64ab7abc8737ee7c989896ed67576a378b517223708d	4094	other	/usr/share/harbour-eureadia/qml/component/UIAppHintLabel.qml
c4356029cd6052551552ae10498c71ced5fd4ba82cffec1bca4b48bff858b98d	6020	other	/usr/share/harbour-eureadia/qml/component/UIBatteryInfo.qml
e92f127ffa6699501504fa9102f91490d7a23c53a65e9cf43310445cf25a8abb	7439	other	/usr/share/harbour-eureadia/qml/component/UIBookTile.qml
91902009b87bb7e25ed8a6aafcaada0b2570e572a4c4f76d79ab9f321c4492e5	2524	other	/usr/share/harbour-eureadia/qml/component/UIBrightnessOverlay.qml
af1c55d25b82956d6cae75848caade6fba92defb08ad7bd8775f777ff379edb2	1101	other	/usr/share/harbour-eureadia/qml/component/UIBusyIndicator.qml
f17c4b8250334376d2f123c38d180afb51bed3a5d7f55931b63b9c2dc47a8bfd	698	other	/usr/share/harbour-eureadia/qml/component/UIComboBox.qml
5af6f291ea93bcdfbf0b1a30856201e8cf6e65eecbfa4a3f46f7e4db6f6e36ff	10498	other	/usr/share/harbour-eureadia/qml/component/UIDockedPanel.qml
e38e87a43da31328f4e56b007a1a6fdcdb1040ccb9db9dfecee0a70b33c1a561	1703	other	/usr/share/harbour-eureadia/qml/component/UIFontSize.qml
e5dfb2b9c100338befb80faf65a23f284dc72d586c163df3a1795d2506701420	1166	other	/usr/share/harbour-eureadia/qml/component/UIIcon.qml
c8089e530a5c8548d8ee75316f32b807bee5e6f5c746c9baeeb5b20a3b32270b	3480	other	/usr/share/harbour-eureadia/qml/component/UIIconButton.qml
1a0e8b00e8d5ebc0efa2e604afa2fb82f5f3b39ceccf174d697cfe0957f9f86c	3714	other	/usr/share/harbour-eureadia/qml/component/UIImage.qml
27f56d5b89bfcb31eb943b98642d678bacd1f38471048a0c8ef6647b833b589f	333	other	/usr/share/harbour-eureadia/qml/component/UILabel.qml
ec3bde2d800642f804316929438200c165d437bc89205b122bf0aece539f0a0a	5162	other	/usr/share/harbour-eureadia/qml/component/UILamp.qml
dff785855bd2b5c132e12641867890a8386e6ed91455b269ada3fa5018de2a6b	6615	other	/usr/share/harbour-eureadia/qml/component/UIProcessBar.qml
98d7f4786fda4856d1b871466ee85fe85504b7c6f076d1a0ddcb87462a24608f	1923	other	/usr/share/harbour-eureadia/qml/component/UIPropLabel.qml
11b26718f5ed1e9a8d2509adc24c67e8a56c63c3031be3186914f1374976984b	2216	other	/usr/share/harbour-eureadia/qml/component/UIRadiusLabel.qml
82fc4a4c2bcad44c6f6f154150703af769759b5163b0ba655e89088864b71ee6	746	other	/usr/share/harbour-eureadia/qml/component/UIRectangle.qml
b4cd9ef299fb74bfb48d534f62b1f21d153e5c5f3a8d373c03a3fa9db1d62517	1747	other	/usr/share/harbour-eureadia/qml/component/UISectionHeader.qml
f08ba304deb1097f33908a3a8e4f8066205aab394179c2c72c73bdee0e2ceb5e	4556	other	/usr/share/harbour-eureadia/qml/component/UISwipe.qml
0e6931c27985b67691d0d16103e2821cdc114975620af044f137292d72cd3544	1445	other	/usr/share/harbour-eureadia/qml/component/UISwitch.qml
03aad0f0f9f3dee8fb626189f7a069b56607adfe509cdd992c91a116dc8f9ea1	8559	other	/usr/share/harbour-eureadia/qml/component/UIToast.qml
ee69aad763ba7b33708ad849700eb30ef29e26e62c482ac1c54de25e800e9ac6	11426	other	/usr/share/harbour-eureadia/qml/cover/CoverPage.qml
52574cbab4b7f3466cb0c10d5ebc60bd73f4854bc824d73d72e723bac871547d	8441	other	/usr/share/harbour-eureadia/qml/harbour-eureadia.qml
52fc7f249201e5faa602894328fd47ae1791357607b3084ee54c339dc6d40210	1560	other	/usr/share/harbour-eureadia/qml/img/icon.png
010aad128b693077c87fcaf34b2d92f5e129739e3a26c5a3cc3d0d0387773d4d	463	other	/usr/share/harbour-eureadia/qml/img/icon_loading.svg
ac71f860c486092bf880b3f59dcaa2b5d3f28a67503985821b9ffd86047920b4	246557	other	/usr/share/harbour-eureadia/qml/img/icon_logo.png
78c329a0e7c3e0f6dfe7d83ec7d3df12e7569c7768bbac87291b727ca915ef84	711	other	/usr/share/harbour-eureadia/qml/img/icon_search.svg
598c2c66be6bf052dd39f42a9814da0f7d26ca11f4db0c0cf31e358a7bf5c818	1046	other	/usr/share/harbour-eureadia/qml/img/icon_setting.svg
3071f9e8c14f660cd39757c3aa2d700d6966489f307d4bc4bdaf03d6c1a72793	6938	other	/usr/share/harbour-eureadia/qml/img/icon_theme_jolla.svg
70190682092f8b1aeac6083814303d16c0251735110a9d60d1657dc0d90fdf5c	3192	other	/usr/share/harbour-eureadia/qml/img/img_leaf.png
17b22c46192edf8fcdd1647ecd11f57cb24694580248166ab8cc750e27a91b2a	406521	other	/usr/share/harbour-eureadia/qml/img/img_splash_text.svg
ecbf39670f6cc3e19c67146209cb54dbc543182dfb9d6d3da053fced1736977f	12183	other	/usr/share/harbour-eureadia/qml/modify/MFComboBoxController.qml
f840e4988f398303ebc2908bb4d274a4c81f1948b427823f57fbb8036da151c1	2817	other	/usr/share/harbour-eureadia/qml/modify/MFValueButton.qml
33f0db0e15aecfb9abac510840933dfac90feb71b17dce15d8fc5df007ed0921	3065	other	/usr/share/harbour-eureadia/qml/modify/Util.js
34b35e4ab0e0cc7ca2098610d51d13a623b8568e437850a2136407c1801b9936	12709	other	/usr/share/harbour-eureadia/qml/pages/AppInfoPage.qml
406a5574cdf9b4f7d9b390bdf1d0909f8fafdc841c008315ad6df035ce13974f	4010	other	/usr/share/harbour-eureadia/qml/pages/ChangelogPage.qml
ba326a690a59e9b61b5d4f673222876dc25082e96ce95205c30183f4115c0331	20581	other	/usr/share/harbour-eureadia/qml/pages/DeveloperPage.qml
34cbb9b6af988a3226bef161b86d03540f92195ca475d1dbde925fe51fc0f584	32452	other	/usr/share/harbour-eureadia/qml/pages/HomePage.qml
eac992c06fcc8cc253ef40fa7dbb1acc26638fae73f674174abd0fe085da8aab	927	other	/usr/share/harbour-eureadia/qml/pages/LicensePage.qml
9dfbc53349f1930c2572fe43650de124bc89ab3bd2a4ab9f3e81fb0b1bd5e59e	166630	other	/usr/share/harbour-eureadia/qml/pages/ReadPageUnified.qml
04f5638a276f3d333b6a5358dc6f4ebd2686f5f3e166907071725ada85f0fd27	30386	other	/usr/share/harbour-eureadia/qml/pages/ReadTimePage.qml
f891c4a7cf495e56c25aaeecc82d48573b93d275071b6910abf0fd92fd93f984	10435	other	/usr/share/harbour-eureadia/qml/pages/SearchPage.qml
448b2c4a5fb9504b9db4dc224ea7796e7ec32af2408ce401d003495ca296b384	24719	other	/usr/share/harbour-eureadia/qml/pages/SettingPage.qml
8275a020c0a848ab18780156de567fe15f39328ec0a4eb2c29cf6b159ec996a9	8743	other	/usr/share/harbour-eureadia/qml/pages/SplashPage.qml
846553b5b7894050a039b4332779baa5a97c80c822e455f85e34c7153770c789	4058	other	/usr/share/harbour-eureadia/qml/values/colors/AppColor.qml
26c735c71a2d23aaf0f4ef4f3b8e18df0dd5e4c47fa7c96b2ef7cc123dd96418	37	other	/usr/share/harbour-eureadia/qml/values/colors/qmldir
b3e3ba6be1487a87c5448bdbcd8d0cd62263c928a5e35210a9e77cb1079500ff	83	other	/usr/share/harbour-eureadia/qml/values/dimens/Dimens.js
a65ea43b0bcc9279256e440ee0a1bf55d70a491cf1cec8299124e1486d4d99c8	23208	other	/usr/share/harbour-eureadia/translations/harbour-eureadia-de.qm
aebf46220cc944db641dc4a37abbf35c2db739726a108059006caeca89cd51f5	21910	other	/usr/share/harbour-eureadia/translations/harbour-eureadia-en_US.qm
08272d40337685fab7bb4c28f88b54fdd6d1af7ccf02e7b9869e9a76301866ea	23448	other	/usr/share/harbour-eureadia/translations/harbour-eureadia-es.qm
9e6e25797a687393f7ddade69c4c91aac38f5e2e4594e28de31923edc89732b3	23670	other	/usr/share/harbour-eureadia/translations/harbour-eureadia-fr.qm
61771a1753221000ae5bc62e44457d975ab3a4b983e9290f9a9eb5af119db607	18632	other	/usr/share/harbour-eureadia/translations/harbour-eureadia-ja.qm
78adb2950bb0204317e83bb454e2cb1c6fc00a52b3b715c06df85ff09d1e7aed	22844	other	/usr/share/harbour-eureadia/translations/harbour-eureadia-ru.qm
8de8221e543860c526ddb7e9e948767a62c11ac0816d01944b41c1a92d383933	17766	other	/usr/share/harbour-eureadia/translations/harbour-eureadia-zh_CN.qm
4b8de7275e7a79b4c8c4e20754d33a06aa2303d0430aea22d5a4280c23c744ae	8165	other	/usr/share/icons/hicolor/108x108/apps/harbour-eureadia.png
f4bcc84757c11a72ceff01407455be68cbc0aa7f0f51e7453e0579ebc8f5bb94	10758	other	/usr/share/icons/hicolor/128x128/apps/harbour-eureadia.png
86863c049cba999c0b874022a003dad186a30d6c2172b68095a4b82ca8c89148	16814	other	/usr/share/icons/hicolor/172x172/apps/harbour-eureadia.png
b46ad83f56dbffbb3188427b04049faf1fac04cf5f6e5010bb8e9d79a6727f19	5859	other	/usr/share/icons/hicolor/86x86/apps/harbour-eureadia.png
