f32195a257ed2490bd1012c0154de5030890e54f42f9a13421532aa7ec187e1f	177352	elf	/usr/bin/harbour-sailwave
9eaed7262e2d016e5fc6621841b211b6c561d1b523c0de3d7f0b3de2cd58ae18	449	other	/usr/share/applications/harbour-sailwave.desktop
0ba2fcc82094b694edc1929150ac9240ad413fc25dce617ee5e1a34bfe92f1bc	12356	other	/usr/share/harbour-sailwave/qml/AppSettings.qml
59483cbfca079728ae22333956e23059812b763277c128a07f8ee54fcf4fad46	32707	other	/usr/share/harbour-sailwave/qml/CountryData.js
a60c716837eadef4907b979d9c2df28713eda6e3dde8a2b088e8b8993ca03649	13576	other	/usr/share/harbour-sailwave/qml/CoverArtCache.qml
850c8cedf64395b2a506915f46fcd882dd96015858f56533d29702342c3b0cdf	23750	other	/usr/share/harbour-sailwave/qml/FavoritesBackup.qml
5995814e57df50a7cee710a9167b9047f21e189ae8b04a81029f003793447f03	19027	other	/usr/share/harbour-sailwave/qml/FavoritesStore.qml
a19d3d6062674d512a629c049d98ebc07e8d931fe8ea9bda7b416140da3f42db	1438	other	/usr/share/harbour-sailwave/qml/FilterChip.qml
8b6f727713f919b993803d9c0bf3b8295054767af6eaa17e67d8447e472b3400	4719	other	/usr/share/harbour-sailwave/qml/FilterSection.qml
0a6e378aeeba321c996f228f93cfbd268518bcdf6aeb99df0c7c22c94364cee8	959	other	/usr/share/harbour-sailwave/qml/MenuVisibility.js
560722b0a5fb2451e875f7a691ff9be9ba5b73d1c375db90c8c572fc5f4d9114	1260	other	/usr/share/harbour-sailwave/qml/MessageBanner.qml
a37d5d0eced7b987a236cef69b240c43a81efdb6b8b889fcc3c7c4f360454ed6	2665	other	/usr/share/harbour-sailwave/qml/MprisIntegration.qml
9d766b8d24f646a966ed8aaf34d6373b0825b1be00026e62d3008a621bba73e7	26279	other	/usr/share/harbour-sailwave/qml/PersistentState.qml
868f7cdf01647b22ffb1238034e1922bb2418db916ef83d14c382f56941e3232	25887	other	/usr/share/harbour-sailwave/qml/PlayerBar.qml
fcbbc4bad04a621a20bcf4cf37ba67a5bd3f94d4acc49d672cbec490ccb028fe	11505	other	/usr/share/harbour-sailwave/qml/RadioApi.js
34c551e8a2bce773cbca44823aaa9e9ac3cb0765264de8a4d109eeea41ea4e2f	1719	other	/usr/share/harbour-sailwave/qml/RingHint.qml
dbff12d34d4a9eefacf106790fbe1f920422cb3981d5481a4e89271368c1cf61	3285	other	/usr/share/harbour-sailwave/qml/ServerPool.js
58c36531b68fe183ca95506766b53a55ddfc7c74ae08b7b4ce23993f5e9fde5d	2077	other	/usr/share/harbour-sailwave/qml/SleepBadge.qml
aa17e75f147aa5a86a310c3568f5617b84fb94faaa2bdf91646fcb6d83388599	2284	other	/usr/share/harbour-sailwave/qml/SleepTimer.qml
7a4e74906b661ab0bbe3a5be66672cf7b7a6c7c93b7fb6704e67dd77ea3ecc07	5135	other	/usr/share/harbour-sailwave/qml/StationDelegate.qml
f936ad70294e7586b68ff27ed3053be13737b714903cc5c95c26cd60b5efc093	4880	other	/usr/share/harbour-sailwave/qml/StationIcon.qml
45e83bac4087c97431d9f8562915086e441632d18e801b8f205e8c82bc285d4e	1980	other	/usr/share/harbour-sailwave/qml/StationLogo.js
2e0db9c7ec6e13c0626d5269e65d1c0c8e971ba941aafea161972feb8acf5689	3990	other	/usr/share/harbour-sailwave/qml/TrackPreview.qml
99e997ffceb48bbb729e927580c41b72ab305c7173789f8d52e6ae9748aa4d08	2174	other	/usr/share/harbour-sailwave/qml/TrackText.js
df0a0d0576cfe93a0a8542484ab9cd3801784d6d5feeffa09ef2c5bc75fe8332	4999	other	/usr/share/harbour-sailwave/qml/cover/CoverPage.qml
1209289132ae8a587e685124d78f6f82bc57dc4f2a906e2d35e9b09ed4423af9	32793	other	/usr/share/harbour-sailwave/qml/harbour-sailwave.qml
6410736d30d25d29b673deb9b1b4d9fe9ef0c336fc6752a394e15a1c6cdfdce0	5755	other	/usr/share/harbour-sailwave/qml/pages/AboutPage.qml
5d2945fee76282ed7f36069c21cd4017f3e68863e5a15ca61b5f3f9097a15bf4	3846	other	/usr/share/harbour-sailwave/qml/pages/AdvancedSearchFilter.qml
76aa4d9857161d55c1e2d1d22ce6507db2c8dee0a4784d83ee21a6323532b218	42362	other	/usr/share/harbour-sailwave/qml/pages/AdvancedSearchPage.qml
d5994927980f6b1056b8a1a557a1f76c508e5e8021a69dcf99091375e291a0eb	8003	other	/usr/share/harbour-sailwave/qml/pages/BackupPage.qml
f146c488a0504c33dd38107c1fde937d3e2a4235e2c5ef26490ff325ba52affa	2962	other	/usr/share/harbour-sailwave/qml/pages/CountryPickerPage.qml
65a4f2cdf50987059c5a0c15393cb8471481a4f0bccc40caaa450d26975157dc	20113	other	/usr/share/harbour-sailwave/qml/pages/FavoritesPage.qml
34c59302f067c89ca8e37deffc3e2555d1a6547ab8cb9cbdc1fa75589ac4d925	1134	other	/usr/share/harbour-sailwave/qml/pages/GroupNameDialog.qml
6b7c34d4e6b174755687c766c5519c51a4d99aaf8a9e0c5921c466b6538ab636	2152	other	/usr/share/harbour-sailwave/qml/pages/HomepageDialog.qml
a6029b228a8eebeb1c3916b1b69eeb0ce93f269ffcdd92efdbadac00f3ad7445	5173	other	/usr/share/harbour-sailwave/qml/pages/RestoreConfirmDialog.qml
6df5f86c59cc490f6715235fd79eb17dc3470746a38f192e098d4846d4a01145	11034	other	/usr/share/harbour-sailwave/qml/pages/RestorePage.qml
7cb1140ac819b2b058412e561db7d2c6141c5493ebd11f7f1e21ae7a3b0e8be0	16496	other	/usr/share/harbour-sailwave/qml/pages/SettingsPage.qml
d4f9be2c145fa0b433a635e80b3fdb498a38aeb1275411aa4d5f083768c21c0a	39184	other	/usr/share/harbour-sailwave/qml/pages/StationInfoPage.qml
7fe891e5404d021984622cbd85b96555772607a8d8af5907b052fadcff07b92f	2714	other	/usr/share/harbour-sailwave/qml/pages/SyncConflictPage.qml
8d156c0b419a7c0b3c85b3f2036204e306cebf0b12bacd6734e8e5aedbb5cfd7	68534	other	/usr/share/harbour-sailwave/qml/pages/TopStationsPage.qml
36697c4ae9833512239b25bf80f78ee082715fa7b6c3eb0e086ecb20f40a2971	32073	other	/usr/share/harbour-sailwave/qml/pages/TrackHistoryPage.qml
463974abc46cf953363585a5a438fb967c22e85703a0b8329cb9ccf077a10b47	37858	other	/usr/share/harbour-sailwave/translations/harbour-sailwave-de.qm
a952d803053c4da87720d93c16055e81130a7bb61b0d12a64472ac3d388b3d14	38338	other	/usr/share/harbour-sailwave/translations/harbour-sailwave-es.qm
c1282a2421cd5adf8577ff7c956b8477520a8e82ec8dccc073c522a2f4e45e5d	38808	other	/usr/share/harbour-sailwave/translations/harbour-sailwave-fr.qm
f9a3b45445bd720599dfeea5c845e31b1a6e4f5d09c639fa4a7c1ad57b817b55	9577	other	/usr/share/icons/hicolor/108x108/apps/harbour-sailwave.png
8c67832acd562519f54ec6cc296b0c4d1b76363514c7ad7572535d8fb138d238	11553	other	/usr/share/icons/hicolor/128x128/apps/harbour-sailwave.png
cb88858275b8320a2da3f9351dcdd429b6e9565ad2298b5fd21fc2776ea99b57	16262	other	/usr/share/icons/hicolor/172x172/apps/harbour-sailwave.png
33db4ad6b8167d0a570a7d18b5c646ebebd36b73252343d54a428fa3b5fb0e32	7468	other	/usr/share/icons/hicolor/86x86/apps/harbour-sailwave.png
