804eabe0ec3dca500453f4b21c47755e8f9a3098458bf75a01ef39ffb9d58167	905216	elf	/usr/bin/longterm
e0ea09297bcdb05a7f3667764880450dadc2419c79eb6d3612ef2857fc523d05	378	other	/usr/share/applications/longterm.desktop
b68d62a699cf3742448b1e0d3f0df6755b96794cafc703ad8f23b3197a2f99a7	3420	other	/usr/share/icons/hicolor/108x108/apps/longterm.png
2a7255b52ac9be87070819313381e3e34385548c659ed62b5fd832fba46a5d6b	3894	other	/usr/share/icons/hicolor/128x128/apps/longterm.png
417ac9f9a5b6d3cf2812cdc73d2abc4d1ba86d43ad7d8ef16e74cc402743fb73	5839	other	/usr/share/icons/hicolor/172x172/apps/longterm.png
853935146845c434220dd876673ca9eb99e0c039014e01db083bb4bcf6b9c6be	2672	other	/usr/share/icons/hicolor/86x86/apps/longterm.png
7c940e28a5388e9bba866cf0e408edda45fe0899ba98665b8f6ab31dc5e4b8ff	4566	other	/usr/share/longterm/fonts/LICENSE.md
84a7a98c82140fb12c37fe42b93805baa16024cb3e5acc599b7ffe612c55d847	1082	other	/usr/share/longterm/fonts/NerdFonts-LICENSE.txt
a4463554f951c8153d0bdfcb6e03b382baf99dcdd3f99790014427687abdc55b	4095	other	/usr/share/longterm/fonts/NerdFonts-README.md
b2095e0d657e6d28dc32444a9dacabab0c9241d0bf39d96371756cc9bdbc3a5f	206804	other	/usr/share/longterm/fonts/SourceCodePro-Bold.ttf
f8d35a748a3b27e5d8b13d56445ef4c2fa56d66386b4ff95024639f8fe798e6b	197064	other	/usr/share/longterm/fonts/SourceCodePro-Medium.ttf
fe471e538392f51910faab985fa8e192a39dd3426125edd15b71b3680df0e749	2610012	other	/usr/share/longterm/fonts/SymbolsNerdFontMono-Regular.ttf
8d9cabeaf4c9c2eab690a5de1259acb6e0fdb54fd7b2722fb5de597f234069cf	2375300	elf	/usr/share/longterm/lib/libssh.so.4.12.0
1656186e951db1c010a8485481fa94587f7e53a26d24976bef97945ad0c4df5a	25008	other	/usr/share/longterm/licenses/libssh.txt
66c627cf44f0c59daf81ba442e62e9b3d3cd1091a41e116de5ea9058a57bbba7	1098	other	/usr/share/longterm/licenses/libvterm.txt
3972dc9744f6499f0f9b2dbf76696f2ae7ad8af9b23dde66d6af86c9dfb36986	35149	other	/usr/share/longterm/licenses/longterm.txt
6c2494674f32a5c8906f201e1f2d22531adba003a6ef446dfffb098de074952c	1172	other	/usr/share/longterm/licenses/qrcodegen.txt
97cea8d6e1c3b7ea47512085febd2bd1779991331ac709dec7ca5e90fb248cfd	846	other	/usr/share/longterm/qml/components/AgentSummary.qml
ffecb7e7833bc55df9ab1cd081f13f5456f6e6ba798120d626abdc79b9c73532	2015	other	/usr/share/longterm/qml/components/KeyButton.qml
11c84e1d01b31983209bd742d194b6dad42f60d0b301a26fa142ef3f75987b36	2006	other	/usr/share/longterm/qml/components/Keys.js
345a5eba590f77a7515d2a59c29dcf3264e3bf2520bbeddce5451d73326abdc0	1536	other	/usr/share/longterm/qml/components/StatusDot.qml
68ce8b98d41b06e266b0f01e92d3397443ac2b6134e933c575e2c6294525553d	2023	other	/usr/share/longterm/qml/components/SystemIcon.qml
b4f9bd9b94fcf01abce784d687309c457713c55b5c5f5a7afb8c2f4c6328d0bf	3091	other	/usr/share/longterm/qml/cover/CoverPage.qml
121194741d4a915b9f5890fdd6dd95121f9b1f816517c792358d72d7c838d664	1072	other	/usr/share/longterm/qml/images/systems/LICENSE
bc82554bde812764d0c9a919ed57d1848111cbba48a65d49fb5aa4b82d82f99b	3865	other	/usr/share/longterm/qml/images/systems/almalinux.svg
8e6eef82e047f040249bc0ed50d288cfddfa52176cf5adcb9b17bae46b472e12	691	other	/usr/share/longterm/qml/images/systems/apple.svg
c9d6452bb0f1c88afecf697e3529f6f0be08af1f6f35f3eaa4867eb6f261ba5e	916	other	/usr/share/longterm/qml/images/systems/archlinux.svg
b54c6ad8e100208fd0ade26633abd996c9d979b19c13c1b91caf48b49ed8c8d2	1995	other	/usr/share/longterm/qml/images/systems/centos.svg
09b14c9813a322b58b11aa5390fb1a2b4e9bfd02868321482f1a19534a66ec54	3967	other	/usr/share/longterm/qml/images/systems/debian.svg
a82984dbe775e1c973ca5d0e78c908ed0730ee6c4deab903b630721644d109d6	1543	other	/usr/share/longterm/qml/images/systems/fedora.svg
dd5f3c961cb27af448e5928a8c294b86dfae480b60fa759dd40c2168135dad8c	3787	other	/usr/share/longterm/qml/images/systems/gentoo.svg
ba8eb6ae69a478c8f9bb0d8e2f2a1e1edfe37d29c42f68b737e76d8417c27237	1556	other	/usr/share/longterm/qml/images/systems/kalilinux.svg
cf50ae4a263c6142963fad3561f7cb0311d0d41cc6189eadfb34f81a8a36acb0	193922	other	/usr/share/longterm/qml/images/systems/linux.svg
789960776b9a7b16e6af8cdbe3a2263a2c32d04a6227bd20c49bea9662a12459	609	other	/usr/share/longterm/qml/images/systems/linuxmint.svg
bd6a5dc1211d3356964b79a0fa318d22753576a2f64a309930ee1fa259067cde	934	other	/usr/share/longterm/qml/images/systems/nixos.svg
f23084ff594f24042a64d096f255e4ce865695c713c23ea64ff9d4454cc0dd9c	3230	other	/usr/share/longterm/qml/images/systems/opensuse.svg
6afd3872d2ecb9a619fc10048b6a18bc3b948dfd7c97d1a694af26c6a7153cbf	1244	other	/usr/share/longterm/qml/images/systems/oracle.svg
5f6989c03465d053f7bffa570b64061a8ff293fce687eb87140ce76b399068fa	5145	other	/usr/share/longterm/qml/images/systems/raspberrypi.svg
c7ec409610e7c222191166a5fe7bd52b57e6d057cb8e51ee44d12a2743401e21	2624	other	/usr/share/longterm/qml/images/systems/redhat.svg
748f3c1ab46ef03a01b9f315fee680e660366e4d7eaec4dc54c215187b208e13	500	other	/usr/share/longterm/qml/images/systems/rockylinux.svg
af8ddf6c709f61d1b7ac00d5417cf389ad23db2258f0776e0c7854f37105caed	1187	other	/usr/share/longterm/qml/images/systems/ubuntu.svg
f7f9316edad946395cd4fb7478f08f28ca110022d5356df4e513ddc102e3d4e7	644	other	/usr/share/longterm/qml/images/systems/unix.svg
11ac9b1e84c8c36c21629d03f26ce699b7d2e56bf702ea2e8eb2637cd2271c56	214	other	/usr/share/longterm/qml/images/systems/windows.svg
af156ee76c97475ca874db66168cd69b54df2fefe423bfb8c5b3ca6ee391bcc3	11046	other	/usr/share/longterm/qml/longterm.qml
802232121523015137cd71e3e0f22f2669a95caf82f5a74faf7723af2b583a12	6790	other	/usr/share/longterm/qml/pages/AboutPage.qml
2c38aede36ba5b4fda28afe8cd97e43b279283e4aaf8481152de05ce440c53d4	1805	other	/usr/share/longterm/qml/pages/BackupDialog.qml
67c8f47d89aab71a17c0f7251cec531f1fea4b3fac81741cab4b774d33958339	1705	other	/usr/share/longterm/qml/pages/CertificateDialog.qml
9800cdc80356777c567093dcd151fbfae9aa0ab2089982cc1f7612bc407ded45	5396	other	/usr/share/longterm/qml/pages/ColorSchemesPage.qml
79a1ddea046d746a5e4e280101ca41e084bf59f164f4d4c620150f7192f34622	1467	other	/usr/share/longterm/qml/pages/DownloadFileDialog.qml
ced8b0ce47c1596ab962a3452c6c7d80ffeedb372716c1bc2af7f9e2722f2ded	3842	other	/usr/share/longterm/qml/pages/EditSessionDialog.qml
d23679676bda69db8fd68cbe1485342fb8b73aa2245c3cd3628b4a4a467b0f6c	2332	other	/usr/share/longterm/qml/pages/ExportKeyDialog.qml
60211e1bce76e40b3b8e3c4def4be0851040a13612a19e830d4bf89393dc21d5	12122	other	/usr/share/longterm/qml/pages/FilesPage.qml
5cd8748545cc51555c2d021f98e5fccbca7d108c35adfc0f64972f31f6b02cfd	1570	other	/usr/share/longterm/qml/pages/GenerateKeyDialog.qml
12879c5d77a60584b87bb2ee78d091e56583b59ee71988cffe4f49d7e7df2c28	2180	other	/usr/share/longterm/qml/pages/HistoryPage.qml
61416304ca9719aa4f34a02ea9d586f1270e12c7c276cce389445e56671e6786	18798	other	/usr/share/longterm/qml/pages/HostPage.qml
1e45d8a0855989b1d83b2fd58e259c0860d603be7b20187ecc16ed868ba4a7ea	1657	other	/usr/share/longterm/qml/pages/ImportHostsDialog.qml
424008d7fcb5fee1442f9a8c3fc6671171db1639749d61a375b32674770ba449	2924	other	/usr/share/longterm/qml/pages/ImportKeyDialog.qml
ca16ff3e90d67fd69f844921ef5ab95735b6e1fe27c32c3c5fcdb0dfbe8d86f5	3009	other	/usr/share/longterm/qml/pages/ImportSchemeDialog.qml
ccb36df6c388f1d497b748cc57fc335c3d45e836525ce2af555421495d3988f9	2269	other	/usr/share/longterm/qml/pages/InstallKeyPage.qml
d7e00b7308527d5cece1ed20e25eda7d0e8e3cbf142668b8f213b28ebe9838f4	3536	other	/usr/share/longterm/qml/pages/KeyPage.qml
f634989082a06c75ad7968983681b3a050e0641d8293a10d57223aac0949fd78	3002	other	/usr/share/longterm/qml/pages/KeysPage.qml
610174ade5d5b92e53ed67dc03dce163ed25eed24f0f0f173ecfb0c03d14671c	2155	other	/usr/share/longterm/qml/pages/KnownHostPage.qml
7a9aa0ac2681812143f0ef909bb21779e6941dd54a068c62e10b43a707fbbcc7	2280	other	/usr/share/longterm/qml/pages/KnownHostsPage.qml
807e12fcfee31453ab3c180f4c6210e6fc166782a8d28824de2bb7736546941a	1309	other	/usr/share/longterm/qml/pages/LicensePage.qml
ced0a6afa3e17af3bda1e89bdef1582935c26f5ea84763c50d56b9f78425bbc7	1803	other	/usr/share/longterm/qml/pages/LockCodeDialog.qml
1c9c5fb8e124b9c60f9a2c3852626bb1b1ab79fbb87f7212b12f9b515a4f88bd	2093	other	/usr/share/longterm/qml/pages/LockPage.qml
1d761d555ddbb61f708a913b6fca7e8ce16b657ca3ac9b3440d929eed1a0f8b1	937	other	/usr/share/longterm/qml/pages/RemoveLockDialog.qml
7892e52a50144d7d83adb007e69e886921cf51a4499f3348ea2c2c5d916706e4	1651	other	/usr/share/longterm/qml/pages/RestoreDialog.qml
d438c3eb96c150380351123be72a7a347597c71adb113df6d47c0e9ae0ccd72d	11618	other	/usr/share/longterm/qml/pages/SessionMenuPage.qml
a270ee4e7272a2414d0c2a0c7fae49851f267a77644e1caae2839e78dc7a884e	32395	other	/usr/share/longterm/qml/pages/SessionPage.qml
4d3f694b684239529090518b4e4e073a0adc1e07eb88ecb50324bf40cb39734a	15574	other	/usr/share/longterm/qml/pages/SessionsPage.qml
bca186bd44fab6cce602bebd9c5d71b8963e9c675fe25ca65c63b7f07cb818fd	9606	other	/usr/share/longterm/qml/pages/SettingsPage.qml
64cbe44c1493a514266cf8a01b263dcf912fc9012336c0e7a2ae8f0d200d4ce4	2196	other	/usr/share/longterm/qml/pages/ShareUploadPage.qml
27d366a2ef283816e95ba113a667a6b70c077084e8457cf67004347b07d62afc	2912	other	/usr/share/longterm/qml/pages/SnippetDialog.qml
d8904691984a4bcf232837f74099768fda503a49b728d810e809da42f2c5413a	2748	other	/usr/share/longterm/qml/pages/SnippetPickerPage.qml
214dae8226930fbee2281db0592a265700cf5aabcb8a56aa4cbd16df724afe92	2547	other	/usr/share/longterm/qml/pages/SnippetsPage.qml
c3440898cb0c2fd929a74471c11edb738d227269750735d6adf9247e96ff587d	1534	other	/usr/share/longterm/qml/pages/TextPage.qml
2ef51fe30d44bcd81b823dc3d05eef74e585a6d1a0d8b177d53b8bca2c725072	1081	other	/usr/share/longterm/qml/pages/ToolbarKeysPage.qml
