623bd474ccbc914f282fe8beedeacea5ac5d38a0cd70a15aea00066f3e7a7a73	558	other	/etc/sailjail/permissions/XmaticSpeech.permission
aa6e05e72cbec700b9f873d2de8fe21b8acb7d6352b55f22b99b2db45c5735ac	61513520	elf	/usr/bin/harbour-xmatic
2688ea32996ef55793d09852e3cc81623ebd3a811f7df843a889e5a84adc692a	2246	other	/usr/share/applications/harbour-xmatic-open-url.desktop
37f845894b8be392ba183bad9ea19c230f670ba1f4b86e2416ed5263923f6dd9	3647	other	/usr/share/applications/harbour-xmatic.desktop
72d169c33cddb461595d352c28749e6ad58a82c44979b3c997015c7c665e450b	1124	other	/usr/share/dbus-1/services/org.unifiedpush.Connector.xmatic.service
e7a58a83a8e792aa9a677c68a38af2d5163b1ce47b3301e35d3e316d07bd4263	686	other	/usr/share/dbus-1/services/org.xmatic.xmatic.service
d6ac5635015f1430f56f0045f4f9a49c2eaca90bc644745666fe9db8c6098a63	991	other	/usr/share/harbour-xmatic/data/voice-check.opus
a0f3eb234499758cf3cea6e904e1d1430f26e87536aec16e7eb5115952943c50	2959	other	/usr/share/harbour-xmatic/qml/cover/CoverPage.qml
8020f3e5edae2651dc62164113dcaca9cd8764d4188a1970416c93da05f25b9d	26370	other	/usr/share/harbour-xmatic/qml/harbour-xmatic.qml
06d875836c2a137fcd36174cdd44f6301c2b8537e6c55eec9fdaaaee5ee283c8	63183	other	/usr/share/harbour-xmatic/qml/images/xmatic-mark.png
3384229e6c7895ad57896e39518081cb307d1cc328ac981e0dcc09e6ef6a9437	3125	other	/usr/share/harbour-xmatic/qml/pages/AboutPage.qml
5d150ad39b2572927db60c20b2b30ca1c95c33ecffe378268f07f7224369ef2f	9414	other	/usr/share/harbour-xmatic/qml/pages/AccountPage.qml
fa81c770d8f024ddb0cf6b60f4125a102bcd19277bc057e6515261ddffa93733	1781	other	/usr/share/harbour-xmatic/qml/pages/AddDirectoryServerDialog.qml
e3951c2b38e947b19e279fdcae37f345b5860a5042efc06e93d1d607d3aefa60	3124	other	/usr/share/harbour-xmatic/qml/pages/AddToSpacePage.qml
7d3803cd5931d3cf8bffe9fe8d31819784cef510ab6ee8ccbcdc8699a15aec80	16485	other	/usr/share/harbour-xmatic/qml/pages/AppearancePage.qml
720b406b2d07d5366452136cf718353e4a385a307b702af104ba437e59af9ebe	16964	other	/usr/share/harbour-xmatic/qml/pages/AttachmentPickerPage.qml
20fdbfe21ecda6b95c94ab7141092db2161e5d0b730ce645c19105d807457f2e	2533	other	/usr/share/harbour-xmatic/qml/pages/Avatar.qml
d0b1d32500e5ce302a23003417375ed27a8b518c8408e43c9fecce252a0ae125	5551	other	/usr/share/harbour-xmatic/qml/pages/BehaviourPage.qml
e32668baa161bf61bffcdbdcc4bc8caa151d042f2ed208bbd268185d68b02fc6	9459	other	/usr/share/harbour-xmatic/qml/pages/CallPage.qml
2de437366017ca55c7960ea0650dba03c28d5a98c2a5d549a131396f663eae00	13042	other	/usr/share/harbour-xmatic/qml/pages/CameraCapturePage.qml
d4bd662747cde9cc2d0c55470878fb2cc0b608112492c55fb2c1a2447f1507f9	10040	other	/usr/share/harbour-xmatic/qml/pages/ColorField.qml
dcdf1476055f8af81e79c089f62ad2ffd451034412b2f73c5662fea39311291c	18075	other	/usr/share/harbour-xmatic/qml/pages/Composer.qml
bc8653cfe0213a29bb51c41f60bd3174778eebbb1584933a3055ed0fa5d1661c	437	other	/usr/share/harbour-xmatic/qml/pages/Composing.js
b8e093be8b8af0a13dc8ee847fbf3b3c2f6c9960c86e4d7cf2849e0b7941035e	4143	other	/usr/share/harbour-xmatic/qml/pages/ConfirmDialog.qml
94ccce2b1f0e004c213e53e659a2854b10a02876f4708e5bcdd4c5f9d7f63083	4700	other	/usr/share/harbour-xmatic/qml/pages/CreatePollDialog.qml
a4fd667ba3ecda46a8ce482e68e33f0d03e0b66a6eb5a350d8baed05d67d67cc	7216	other	/usr/share/harbour-xmatic/qml/pages/CreateRoomDialog.qml
d9513322d00f41a390cfff4cf8e82652705bb7ff5da6b70c6baca5a5856de48e	1803	other	/usr/share/harbour-xmatic/qml/pages/CreateSpaceDialog.qml
ed21ff7abf3a4dbc4734b41831c4ee99ff520d74327fb9c08d33086fd96e172d	9425	other	/usr/share/harbour-xmatic/qml/pages/DirectoryPage.qml
afd95f8503e86abc97d2aa46f97ef3e9d75166b37b2325dd44a11ead970604d7	44488	other	/usr/share/harbour-xmatic/qml/pages/Emoji.js
39a848414f35217fd3551c8962db885b91f7cec68ae9e6839ddd46f9d946c25c	4011	other	/usr/share/harbour-xmatic/qml/pages/EmojiFolderPage.qml
0f049827ea02791c12eed5e4f563c9e6b39622f756ab4c86580795cbe1745623	1170	other	/usr/share/harbour-xmatic/qml/pages/EmojiItem.qml
cf70e7b4dc7d3a024ac69f6952d1dc0a05024a979b9477c267c865bbc19de47b	2673	other	/usr/share/harbour-xmatic/qml/pages/EncryptStorageDialog.qml
1492f48e11e86396027043eba783819b04420ca04a4c67f343b013b3633f1585	9161	other	/usr/share/harbour-xmatic/qml/pages/EncryptionPage.qml
29b992bfa717fe605084a84f11bdf936984eae03e07ec04908946cbf78f41c4b	3979	other	/usr/share/harbour-xmatic/qml/pages/ErrorLogPage.qml
321a7efb18684aa77e5ea764360c0a5ca561b9fe1d9a470a807d1dfccf005b95	2234	other	/usr/share/harbour-xmatic/qml/pages/EyeIcon.qml
d1db37a38fb385c6d6ff3e1d59f845b30a36e918e268371d3053c5c86680d1ce	2041	other	/usr/share/harbour-xmatic/qml/pages/FaceIcon.qml
cd19e7444e92d9cec653245b479ff1ac2e43a63dcec425a611584aa21ee070a0	3710	other	/usr/share/harbour-xmatic/qml/pages/FormatBar.qml
983596473024082f16f2dd8654f647c2acf0cdaa9a318e8c3d9386d7cd415cb2	3863	other	/usr/share/harbour-xmatic/qml/pages/Formatting.js
6e5c13e6029157f80bfbc08147f4eeebe4002517a0bb650feee35df8ea72138b	1373	other	/usr/share/harbour-xmatic/qml/pages/ForwardPage.qml
01baa63e6acb09bbb0f7df5142c5a35394ed5dfc5c63216beb53dc3f9819a13e	3511	other	/usr/share/harbour-xmatic/qml/pages/IgnoredUsersPage.qml
c0df84935fa65fcf772875fe3c11f3d828e8826cd1c7d30e57b5b01527924dfe	10187	other	/usr/share/harbour-xmatic/qml/pages/ImageViewPage.qml
07f42fb08207023e7082e76b2824d04b07f4c95f02e64f328ecf81b72784259a	2028	other	/usr/share/harbour-xmatic/qml/pages/InviteToRoomDialog.qml
61e94f3f165ee968ae8895282dc8418a58c7f6516ee6c5d53eef2c676195c16d	1773	other	/usr/share/harbour-xmatic/qml/pages/JoinRoomDialog.qml
37ffdfe571db3f1cbbb1547d764e488d982dae06591e9042f72cbf4aeacf1c7a	2154	other	/usr/share/harbour-xmatic/qml/pages/LanguagePage.qml
13ae0cf8e5538cebb1d0c2dfdccb791e39d9b68958c490ae3f399c4e98d8ed68	1281	other	/usr/share/harbour-xmatic/qml/pages/LinkHighlight.qml
8c401383f78b3d956013ab33695fd34506537ae1ba9dea73042f88e0f3ab8934	2393	other	/usr/share/harbour-xmatic/qml/pages/LinkMarks.js
f2bc3bb1ed1cb348f7228e67744189b1f06fa2773c3bc43c3ec8a4a87567570c	5416	other	/usr/share/harbour-xmatic/qml/pages/LinkPreviewCard.qml
a7f0c0bbc879285e5cbe04c69319ec74ee3ea60807b3cb09082dc2056e289232	8581	other	/usr/share/harbour-xmatic/qml/pages/LocationBlock.qml
35d6de2ef27be245f38d1cc81adafe41a5bf34aef0be8664d4cafedf3462797f	6204	other	/usr/share/harbour-xmatic/qml/pages/LocationMap.qml
a01ae0afd0426cf60ee46c982db600e60a38eeaffa981594a0a2d646ad296f9e	3693	other	/usr/share/harbour-xmatic/qml/pages/LockIcon.qml
62c33d6a497b479cd6b2c33e9eac52daba05288a1d0ecd4f4baff6637f18b03c	14713	other	/usr/share/harbour-xmatic/qml/pages/LoginPage.qml
e49d23ce9e9cfc331fb5265546f65560f245d75b0824623fc0bb4acf78372388	1885	other	/usr/share/harbour-xmatic/qml/pages/LogoutDialog.qml
9fb5697d806d141d2c09f6d65f4351fddbe81eb4cc661cddd26f0d5fa9bb1e44	3073	other	/usr/share/harbour-xmatic/qml/pages/MatrixLinks.js
87bc0d6db6c7d8c56630f233ccb7f029b295295b77ac677921436fa1cfc61105	3698	other	/usr/share/harbour-xmatic/qml/pages/MemberListPage.qml
737565982036d509bfe6a4d7e7d221d52b5c54636906aecd7439720e7e79639a	19546	other	/usr/share/harbour-xmatic/qml/pages/MemberProfilePage.qml
07947cbd3409d135983eb49793370b4b4fb77fd16e38aa78b25ffa46b176ade6	3316	other	/usr/share/harbour-xmatic/qml/pages/MentionPicker.qml
8864c1fc0665b61a475816f615ef9acbb9a92d4b0fe4003de80d7e66b9705567	9222	other	/usr/share/harbour-xmatic/qml/pages/MessageActionsPage.qml
6e2be128b347fa42d356bb0bc5a6cb72785feb5379ddac25646f71a128aa40b1	9384	other	/usr/share/harbour-xmatic/qml/pages/MessageBody.js
02a423bb2fffab942a061ead35c25ea6c14195921cf73b8a946f741bdec2bbda	777	other	/usr/share/harbour-xmatic/qml/pages/ModeTab.qml
fd98e4da94d06e253473ac8e1f270aaa9f2b6a66e86d2e39a051b75789da6793	1342	other	/usr/share/harbour-xmatic/qml/pages/MoveToSpacePage.qml
2f71379fa5b065f0a209f9d18ddd649b8c0d14112132456e8a2ac31a27fab851	1850	other	/usr/share/harbour-xmatic/qml/pages/NewChatDialog.qml
82638227b3e632687e8d1967c23be9b71a6ddc494f6391e7c1653d4bbf150644	4633	other	/usr/share/harbour-xmatic/qml/pages/PinnedMessagesPage.qml
919843dd5c805879660b481d674198bae16a7c02cf4355c1db2e6ff33dba3cb9	9068	other	/usr/share/harbour-xmatic/qml/pages/PollBlock.qml
5d94abaf75ea951a76959307c385c023a2654b5ceaf20e89b14a64336b512a89	664	other	/usr/share/harbour-xmatic/qml/pages/Preview.js
8c32f9340887ff7e13b6190be3d22ff75709549654673fbbd671a93ffea9e500	19219	other	/usr/share/harbour-xmatic/qml/pages/PrivacyPage.qml
a582ab36049ae2ea5afd48255f00dea332492a0540d4a7cb496cd6335d430d5b	12397	other	/usr/share/harbour-xmatic/qml/pages/PushPage.qml
028c217e252024bc51766eaa7d0758bc2a0e9d65c16fcd9daf8f54614abf9c40	6682	other	/usr/share/harbour-xmatic/qml/pages/ReactionDialog.qml
dbe57e9fabe2a44be0c25e533aa2547aa9bdfdb1c2953e832f9d22a3495b816a	2180	other	/usr/share/harbour-xmatic/qml/pages/RoomActionsPage.qml
4eef76ce1d35f433411b1677e9507f64447063cd974307fd917a10c865c26483	10785	other	/usr/share/harbour-xmatic/qml/pages/RoomDelegate.qml
26101c3f4512a5230d8b14eb18ac3958df9dddd175bf73aa50d96b42d5e138e0	19840	other	/usr/share/harbour-xmatic/qml/pages/RoomInfoPage.qml
3001d11effe34824c9a655998b8c98a25654b027b9474b49eb5b9e4513d3aa93	11636	other	/usr/share/harbour-xmatic/qml/pages/RoomListPage.qml
63f7851da3ca3f0159a72e69725339d9756ef0f08311a249ce8bdb97574222f7	208330	other	/usr/share/harbour-xmatic/qml/pages/RoomPage.qml
3ca70d16b3b4e8437907b4ec072a1ee08e576f77a7f2a596ca1c4c8980ff7d1f	12745	other	/usr/share/harbour-xmatic/qml/pages/RoomSettingsPage.qml
29df3b4d8f608d75f49c2d5349d6a045f3fe856fd2fa1e9b9c5d8c974e800bc1	7935	other	/usr/share/harbour-xmatic/qml/pages/SearchPage.qml
b066227140f42ed8209178a919f199dda04e3a4514400645dc1e5ee450b9b569	10157	other	/usr/share/harbour-xmatic/qml/pages/SecretsHelpPage.qml
0dc76dd9658204e726e5cdce8989a6fff1f546733595b87f7be6c5ec56f4bb79	1228	other	/usr/share/harbour-xmatic/qml/pages/SecurityLamp.qml
17cbb5a3a4ffba6adfb63bed121604fb6b1c54ee317baec3031adf2ec4aadd8a	1359	other	/usr/share/harbour-xmatic/qml/pages/SecurityRow.qml
9adb5c174162fae134056de159224bb5d411a0fa4506038f39125deb48412bfe	3386	other	/usr/share/harbour-xmatic/qml/pages/SecurityRows.qml
abc60b050fcc141b843c23a817a6e43c909033855ea6ec38ea1d4ca5e19c2740	4381	other	/usr/share/harbour-xmatic/qml/pages/SecurityStatus.js
0c33f30a73e9fc022988869fc3a1b4418f86619670d120c438ab7b83854d5818	6323	other	/usr/share/harbour-xmatic/qml/pages/SecurityStatusPage.qml
668c455f8a710d5026cf6953b58f3d9315b8dcc8b0c5491d91f0cca133d3be9b	9093	other	/usr/share/harbour-xmatic/qml/pages/SendMediaPage.qml
6f0c8560703eccd8855003fdd8c8b3ef1d28464dea29e8c7062c60a2b70ddf05	3767	other	/usr/share/harbour-xmatic/qml/pages/SendQueueBanner.qml
acb810e1bbe0ac3041747100bbe8bd0157d9f4ed45922455eae521f4758976cc	2913	other	/usr/share/harbour-xmatic/qml/pages/SessionLockedPage.qml
f873702a2d0357af53cad8b333ade8fa6d911f0f61f8194437bb8618270d8eb5	2070	other	/usr/share/harbour-xmatic/qml/pages/SessionNewerPage.qml
e5fa054cb7514f1ef7ef85085cce74c2e65120ccdba551d45855581e3a0257b1	3498	other	/usr/share/harbour-xmatic/qml/pages/SessionOfflinePage.qml
532785403c759c8b2a9f30ba396e13e06f396b0ff95b5716721fce50524fdf65	6952	other	/usr/share/harbour-xmatic/qml/pages/ShareLocationPage.qml
bc6a74d2c9d9636df4f162a8af560ec8060b51a637ce83a9b269584b94dc4d0a	2190	other	/usr/share/harbour-xmatic/qml/pages/ShareToRoomPage.qml
f4dc90e870a287d152ee64b932762f93b52015bca55d0988d859194446daf1a1	4524	other	/usr/share/harbour-xmatic/qml/pages/ShieldGlossaryPage.qml
52803e8014091395a8e430b64ec88924d28bada08a058eef9fed591262f0e4a2	4322	other	/usr/share/harbour-xmatic/qml/pages/SpaceColourPage.qml
4e065c6e98b69d79fd98de4e26ba38796269bf0453e2d12ff156950d8c3744f7	8173	other	/usr/share/harbour-xmatic/qml/pages/SpacePage.qml
76e70826b8b042bb99a991f8fd2e33a9b618795db81dfb346a1a038a4d78ff4b	5672	other	/usr/share/harbour-xmatic/qml/pages/SpacesPage.qml
5334cac6c2dc0a52ca0aa9227e13fc7caa681777f70925cf39ac54b2b0e569d9	4507	other	/usr/share/harbour-xmatic/qml/pages/StorageBlockedPage.qml
d266c638e59231024e59016f082fff551073407ce5b3da2bf50193f974619678	2612	other	/usr/share/harbour-xmatic/qml/pages/StoreUnreadablePage.qml
50607bdefbda2e3718da1e5c250649e5bfadc967903630fecfdeb9f69085f367	18651	other	/usr/share/harbour-xmatic/qml/pages/ThreadPage.qml
cd469adcdaf2f55767df5d3bf088b96530211d9f2b87f1a273eac4a23e90cf6c	3665	other	/usr/share/harbour-xmatic/qml/pages/UnverifiedRecipientsDialog.qml
f6cb2760e57615f716fc02586fab5ddd7a182949bcf1cbf1628ea07d1065058a	8871	other	/usr/share/harbour-xmatic/qml/pages/VerificationPage.qml
5f4ea459eaa5ac8e4558018813bb3e9fca3e7075685aa45e1a6f546dfe6970be	3782	other	/usr/share/harbour-xmatic/qml/pages/VerifyUserPage.qml
66c51c4e9da770d898f37c14253fae87ba06026b7ac72feb0ffa8a5c159fa00e	7505	other	/usr/share/harbour-xmatic/qml/pages/VideoPage.qml
389e0bf2d61b5f3794d0ccf90c0c385f620deb204256a15b62127b065a8b7032	1680	other	/usr/share/harbour-xmatic/qml/pages/WrapButton.qml
672e7ec5afb966128ef516b2b6468b84aedbc4e5de319ba128266c61d63f2b2d	139164	other	/usr/share/harbour-xmatic/translations/harbour-xmatic-ar.qm
e0110c2d93bed301ef9d65a9a4d0cc9160bfaf1f9bc47bff14df078b730d5cb1	155099	other	/usr/share/harbour-xmatic/translations/harbour-xmatic-bg.qm
d3eaa3be5447da2ae634651e17244f1cbafd5ad1aa2544cf5136ef790207ca1f	147409	other	/usr/share/harbour-xmatic/translations/harbour-xmatic-cs.qm
375548371a2ca1f2b9fe8a7e11f30a43568597be774e7c97ba51cc6de81de751	149199	other	/usr/share/harbour-xmatic/translations/harbour-xmatic-da.qm
546c5b25ccb7bd8a187ee3b5e96a936928155d3e8f86993b001f1e864eb6e63e	160875	other	/usr/share/harbour-xmatic/translations/harbour-xmatic-de.qm
5b50af0187be69f2e8c756376126d95bc58bbd88d95da0623a44525c084e8a05	162097	other	/usr/share/harbour-xmatic/translations/harbour-xmatic-el.qm
367ebaa767027b7cb22bf078799f091fda8aa7419acb01948c001caf57ae5c09	147765	other	/usr/share/harbour-xmatic/translations/harbour-xmatic-en.qm
c6312313d3af2b983a1f4b54deea7f8b00529254ec8f703073640b7f7514bb5d	157899	other	/usr/share/harbour-xmatic/translations/harbour-xmatic-es.qm
9ede017e9e7fb870191e1f759e220661132db0b151bf0697dc5adb92e843bd9a	147401	other	/usr/share/harbour-xmatic/translations/harbour-xmatic-et.qm
9113bf033d609b668ac159cafcb97d7e0d274c848ea380a075c5f39b9eaa3209	144252	other	/usr/share/harbour-xmatic/translations/harbour-xmatic-fa.qm
afaffa466a27dd45037cf287e8c82f245be5ee734a340144c857b7c81b61538e	153101	other	/usr/share/harbour-xmatic/translations/harbour-xmatic-fi.qm
c19ebcbef66f538e959c23f474418f6d772514dbdf72486315b70cba6dc1e2e2	161477	other	/usr/share/harbour-xmatic/translations/harbour-xmatic-fr.qm
bf5e1967d3be2cfc1d26983212ab2f46e11e910412cefed6b7d9d95cfceb07f1	163892	other	/usr/share/harbour-xmatic/translations/harbour-xmatic-ga.qm
3c4171f01edfeb0c4a35e73877cac07f7622fd019cf42062ec18f3e3e1feff4e	148535	other	/usr/share/harbour-xmatic/translations/harbour-xmatic-hi.qm
42761f3d24ac48c44f885c8db9d8e342c4139c2862a3eecc34c16b4b5580866e	149430	other	/usr/share/harbour-xmatic/translations/harbour-xmatic-hr.qm
74d02a0d07e5da26554348f3e6fa83a3c0d8dd2e0043909c8258b589ab39c516	155258	other	/usr/share/harbour-xmatic/translations/harbour-xmatic-hu.qm
5f366750c3f6ec49aa3c87466b7ee6b3b4a1d3875950bef0aa809f42e21d53c0	150116	other	/usr/share/harbour-xmatic/translations/harbour-xmatic-is.qm
defb97363a9153fe1ac3d04992df01f286aa3dceef11238c60e5fa96a0fe3804	158513	other	/usr/share/harbour-xmatic/translations/harbour-xmatic-it.qm
0d2cd53fadca05ddc77938a7325c4b8839bb369fc198b538dc276265b1d2e15f	114090	other	/usr/share/harbour-xmatic/translations/harbour-xmatic-ja.qm
817621fb57b70955668f3ebc738410a96cc1b4afc1b330299179031af7f70758	151409	other	/usr/share/harbour-xmatic/translations/harbour-xmatic-lt.qm
d3908a4860cfc7a5f6be4269ee4a6ef091e1720dd097f788f650c2f34dac2481	148727	other	/usr/share/harbour-xmatic/translations/harbour-xmatic-lv.qm
061753d687131ff3e110b76f16edf662b96b146ad57dbc18a0851a182c685e42	155174	other	/usr/share/harbour-xmatic/translations/harbour-xmatic-mt.qm
90a3793c59a0e14f203ce106e90adf9ad82ecac0996ac8cb99eef82a6b13da70	150371	other	/usr/share/harbour-xmatic/translations/harbour-xmatic-nb.qm
9f9148720fba5efca76490322a50afd19c0df8a81f230b98a7dd7ddf07f0092f	157891	other	/usr/share/harbour-xmatic/translations/harbour-xmatic-nl.qm
ce0cbda765548750aabf2a3139be63736f2ef930ea7104f03b644447b9b08528	155075	other	/usr/share/harbour-xmatic/translations/harbour-xmatic-pl.qm
d3d168a9eb7431b810a7f28b32bc64ed97e29c85d4b6c2d7ec8218140fe2105f	156331	other	/usr/share/harbour-xmatic/translations/harbour-xmatic-pt.qm
43fff4a030820f4266c2031dbd4d843c6cc18bae51fce25593c3069013fdf879	156262	other	/usr/share/harbour-xmatic/translations/harbour-xmatic-ro.qm
5b959e27c4ad53cd1fd719a82f7eaa6bc16716b7fff3d4d1a4fff802c29b84af	155114	other	/usr/share/harbour-xmatic/translations/harbour-xmatic-ru.qm
7d29e763194712179c791a3934725129a26a203cad86da50a19b73981ed7401f	149719	other	/usr/share/harbour-xmatic/translations/harbour-xmatic-sk.qm
c75ef6d9059f9597b4b83cc5bdc4db2a2a0b0a2ef5e9511398a2b4bb75f26d48	149070	other	/usr/share/harbour-xmatic/translations/harbour-xmatic-sl.qm
39fccc8ad11831bd4c38fb48239bba16a9b6fb46b4e5de978b2ef563aecb2363	150097	other	/usr/share/harbour-xmatic/translations/harbour-xmatic-sv.qm
4085fc37bc31a20ec1dd8f02b30e96f7db82a5b30fd7b6acf72ec8023c98c7bc	101228	other	/usr/share/harbour-xmatic/translations/harbour-xmatic-zh_CN.qm
ff2b99659ad1134201c3ccefac3bafea0d997c3166c6eede050f378c36f33ffc	10675	other	/usr/share/icons/hicolor/108x108/apps/harbour-xmatic.png
4cb2598393dcfc3a54ca3a756826f041d3d770eb367a6d485e67ae09e3728e0b	13464	other	/usr/share/icons/hicolor/128x128/apps/harbour-xmatic.png
84cf999b9de344943c39ce9a08489022388745061df168bbbcf1ee5e35490a7b	18805	other	/usr/share/icons/hicolor/172x172/apps/harbour-xmatic.png
006735f6789fd05c3524ec749e14e107a86118a7d4dacb173f6c5d5940177d3f	8059	other	/usr/share/icons/hicolor/86x86/apps/harbour-xmatic.png
cfc7749b96f63bd31c3c42b5c471bf756814053e847c10f3eb003417bc523d30	11358	other	/usr/share/licenses/harbour-xmatic-0.46.0/LICENSE
e11543bc1362eed79978468502fb9fb135c4fba22bb4cba2b57ac194b20666a2	23922	other	/usr/share/licenses/harbour-xmatic-0.46.0/THIRD-PARTY.md
