1c6fef2440992ca1dc32aabbc6a8691d90dd8e3ce17792565c8a2985e9fe7a2f	1411	other	/etc/pulse/xpolicy.conf.d/atlantic-audio.conf
b86864b714e4f054642eff93d873f89748ad892d1a75536cfaf59ec93e518c96	5773	other	/etc/sailjail/permissions/atlantic-browser.profile
de50ba4d3d00942c286582ef7ea95c8bfe063dd366e39cf255713998474a3ceb	7776	elf	/opt/wpe-sfos/lib/wpe-webkit-2.0/injected-bundle/libWPEInjectedBundle.so
be8d8ebc33e3030d2e6ef2354a7dd6ae39f4f678147a11ce1ec0204dc220b9d6	1401	other	/opt/wpe-sfos/libexec/atlantic/pulse-client.conf
d13bffa08dc76528f1470fbdf9c528c160181401b4c0ef036bdb2eb2d26409d3	59211	script	/opt/wpe-sfos/libexec/atlantic/runtime-common.sh
66ed46bf60ade0454442fd5c57e32f2ac46632ad0d394fa21b5bf90e6ed76bb2	346	script	/usr/bin/atlantic-browser
177b03ba3757c5fb94db30769db2e8e8a517152ed589fde04bf4698fd6cd16f1	734	script	/usr/bin/atlantic-browser-env
7e1f6b0bf707ce1ca0f2efdd8b76f140897c5bcc639365b4043488a747fa9f96	97128	elf	/usr/bin/atlantic-browser.bin
6ca081490cf1f40806a2369a017da5e1db309bb7494e286aae61a5b8e5c48ca5	1990	other	/usr/include/epoxy/common.h
29c01316343c97b646e2b34b0ffc4b0be99d2586d0a69ab93dc37a3a8acfe5ce	1840	other	/usr/include/epoxy/egl.h
a1ec0defb896d5f7020cc2a42947af34f56a76b85ca33dc2134c45a2073a4a53	105351	other	/usr/include/epoxy/egl_generated.h
207daa1737daa9936c6703d4557d40097907a0df04aa1f7103e48b5d99ed46ca	3148	other	/usr/include/epoxy/gl.h
85b99ed3f0e290fc10c941d4b6987e6fb9698875542b046d7771b3d60bcda694	1529450	other	/usr/include/epoxy/gl_generated.h
a484fa076cb4ec450e0553b8bee15007fb2e83745be4a22c4408398cfdff2b37	2114	other	/usr/include/wpe-1.0/wpe/export.h
f8061da80d3359f90b1dc4763e3f98e924eaf6c5425c1ad012dee9358fcc8a54	12869	other	/usr/include/wpe-1.0/wpe/gamepad.h
905d315a6f7e6f524e35c07730e6cf5036790d99baeef18895159e4015f0d6d7	3447	other	/usr/include/wpe-1.0/wpe/input-xkb.h
34e1c4ffb8be86087329baff0f13a3d8d3cff42f91142e49fa7b9f1cb5bb94c1	4140	other	/usr/include/wpe-1.0/wpe/input.h
b8fd150351b43fb1832be9e915db0f63b8e55884bf620a34e7ea8f571f3755e0	198358	other	/usr/include/wpe-1.0/wpe/keysyms.h
44a6d0dab9103deb242d87ffffea98d48edd3473ef76e00c71b2fa74a42a3c37	1544	other	/usr/include/wpe-1.0/wpe/libwpe-version.h
043b0ad60de48ba6985abceae718676c47094ea92b38d3d37be175f563e42fd2	3001	other	/usr/include/wpe-1.0/wpe/loader.h
d93e31e501c84451954027cc01e1c28383ca0ca9a0ba988c1c38e016cc09d68a	4138	other	/usr/include/wpe-1.0/wpe/pasteboard.h
6a2bf909a0aca8507654d39bd1157145c6e3ef5faf7804c9cc4197c19e5e8e8f	4637	other	/usr/include/wpe-1.0/wpe/process.h
884debf3e8a8590c6aa311ea57bb47a825b8e29ba8b2c6dcdd80f0909714a046	6667	other	/usr/include/wpe-1.0/wpe/renderer-backend-egl.h
d370fbbf60df4935e0b5c297894e4df67a68ee86fa33f769b6512a77d03946de	2252	other	/usr/include/wpe-1.0/wpe/renderer-host.h
22ecf3282a5a46a3638d547b6cd7e4057784ed4ba44ae7d8d8675d9246247fb7	2968	other	/usr/include/wpe-1.0/wpe/version-deprecated.h
6f66225a1747303c22c58c8ee484f43ed65c1127450de418fa9f9bdf9c6ac978	2608	other	/usr/include/wpe-1.0/wpe/version.h
72f9e81cddd080d9bd50a43b62517bda351b0d5906f554f9bb9f5c5194686193	13234	other	/usr/include/wpe-1.0/wpe/view-backend.h
ea42bd09a55e93fc1b796d77bf662839ac875905279932f15938fee9ece348be	1688	other	/usr/include/wpe-1.0/wpe/wpe-egl.h
db13a72e3778e9769e45545d2be3dd9cf62dcf996ecd41ad3a9cb1b4a472a501	1919	other	/usr/include/wpe-1.0/wpe/wpe.h
85140f565d0e34a41d98048494d453efcf5299256d87b6cc160682c03c234b92	2056	other	/usr/include/wpe-fdo-1.0/wpe/exported-buffer-shm.h
c6f24068950a1520e51ad64aac19f192246e7a2d6b1a437ced9ad35f21071dbb	2956	other	/usr/include/wpe-fdo-1.0/wpe/exported-image-egl.h
1876e549e55e30d4c7f5dcec5a37c1380c6bc790f37535cb19a84549e61b5f80	3592	other	/usr/include/wpe-fdo-1.0/wpe/extensions/audio.h
6bcbf1df43c9703025ec1173516421bc5ca0789c52928da87cd776df5637cf08	4168	other	/usr/include/wpe-fdo-1.0/wpe/extensions/video-plane-display-dmabuf.h
3b38b04057aed24bbcf3a918bf47c6c549bdfc760964e1c4061fd3e1e6347701	1798	other	/usr/include/wpe-fdo-1.0/wpe/fdo-egl.h
df7a7cf5b358d9f56cd7d151b9cbff723ef9c25c960f3d59c4e4a7a2da677531	1731	other	/usr/include/wpe-fdo-1.0/wpe/fdo.h
0603294dda9c5a065749f19e3c02ed793bedcd40a137e5fda223f62923eb8194	1754	other	/usr/include/wpe-fdo-1.0/wpe/initialize-egl.h
0429dd0676ec78b05ad513cb2574c9ee0b23ed526679b3f9b6a75455d21aecd6	2180	other	/usr/include/wpe-fdo-1.0/wpe/unstable/dmabuf-pool-entry.h
1c9a68693a9a9b822ca4659a83384ed09f3a8fffd0402c9d89dd73ad6b8de36e	1687	other	/usr/include/wpe-fdo-1.0/wpe/unstable/fdo-dmabuf.h
aaabe29020799719592474390c094f48209751bf1168b78004e6b7b96db31767	1762	other	/usr/include/wpe-fdo-1.0/wpe/unstable/fdo-eglstream.h
49f69c312c59ec3109c677713fdfb9183ccf6f56a6811739eb6e7561b765ddbc	1709	other	/usr/include/wpe-fdo-1.0/wpe/unstable/fdo-shm.h
af8b6f252a0c6b234e13e1329b2c55e12c2ddc1e177a777bf93ff993a5cdb4ea	1641	other	/usr/include/wpe-fdo-1.0/wpe/unstable/initialize-dmabuf.h
ec8a594725469e9b316da89604c5edb447bedfb33a9339737d114188d99165a1	1781	other	/usr/include/wpe-fdo-1.0/wpe/unstable/initialize-eglstream.h
1656e6f36940c1d858a12123d072765d1812aef045712d0dee72c1b54f41e850	1712	other	/usr/include/wpe-fdo-1.0/wpe/unstable/initialize-shm.h
223cc0bef4688a13317f561f8e2b5d95a7a926ab80ebac23bcccc2770e827025	2639	other	/usr/include/wpe-fdo-1.0/wpe/unstable/view-backend-dmabuf-pool-fdo.h
e116086858ad6a85943fb78edee12eaebf4b84692a80bd69b97a0af881d98519	2304	other	/usr/include/wpe-fdo-1.0/wpe/unstable/view-backend-exportable-eglstream.h
a931355fbb4bcb23ff15509bcd3a50b687d0c01ebf73659a446dba3ae1895b6e	3076	other	/usr/include/wpe-fdo-1.0/wpe/version.h
87248068860f7ee9e7345bd292f1c3235dc38e4b277d9e8dbad8f1c1f076a639	2836	other	/usr/include/wpe-fdo-1.0/wpe/view-backend-exportable-egl.h
f47fe91e94af3be2f93b0b2558409f88428d97d85bfec5993a1895aede54e538	3238	other	/usr/include/wpe-fdo-1.0/wpe/view-backend-exportable.h
7e7fcce4a2fd5b867d4a490fcf8e859c771f603f1e4dfe8a51c6c584f3424e22	1556	other	/usr/include/wpe-fdo-1.0/wpe/wpebackend-fdo-version.h
9fb37e1f96812cf8683d328801be0702786fa8d52e8528204e28bf74c0ae7243	6861	other	/usr/include/wpe-webkit-2.0/jsc/JSCClass.h
d7eefa6360c182ed714adeacf61baf52699300069ff728ecc9031dfdc828f066	6375	other	/usr/include/wpe-webkit-2.0/jsc/JSCContext.h
74e68d9b3a73649eae29a1fe0d9db95da190af44bc94adc4c52376266a2f6acd	2186	other	/usr/include/wpe-webkit-2.0/jsc/JSCDefines.h
39d7e98687e39584a6a46029cf8954d40692c06455ca73af8382844fb6aabdc0	3251	other	/usr/include/wpe-webkit-2.0/jsc/JSCException.h
857888ea60908db1df737072dddeb5bc6f84467c8a5a4f10a659f60527ade8d8	3577	other	/usr/include/wpe-webkit-2.0/jsc/JSCOptions.h
bc95a8c9bd8f735be2fc29b5469fd7242669dd89c012cac08fba1db31e98ed7d	13368	other	/usr/include/wpe-webkit-2.0/jsc/JSCValue.h
ef901475bade3a4e213d427158ed64711fe1c3979ffa9322cc2e4e7f193ca284	2519	other	/usr/include/wpe-webkit-2.0/jsc/JSCVersion.h
60cd5dd52189df1627b317f4206e6f35b95f48cba42e8e73ebb8ccc05d31848a	1370	other	/usr/include/wpe-webkit-2.0/jsc/JSCVirtualMachine.h
edecd2cab983df33450fd92094349b2c8586bbc94402a358067ebd13ced2ecf8	1414	other	/usr/include/wpe-webkit-2.0/jsc/JSCWeakValue.h
2172549ae66e6c320b803d4407c84db063c69f76ff65bb156386735dcc4eb890	1189	other	/usr/include/wpe-webkit-2.0/jsc/jsc.h
012f1d3cd71f0233353f0aea2d9d8edb163a3368f6e431031665a603ac209637	2379	other	/usr/include/wpe-webkit-2.0/wpe/WebKitApplicationInfo.h
ffd9f123ad34753f30724a272184c16287ab1f39e7027c0c3862a5b099bdf291	5020	other	/usr/include/wpe-webkit-2.0/wpe/WebKitAuthenticationRequest.h
d1ee6c7fc23c525819152a11cee4d0e476060e8f264d36811eb1aa3a34bf12cb	2373	other	/usr/include/wpe-webkit-2.0/wpe/WebKitAutocleanups.h
f8f0f3ce40f88c8a5616889e53cee4d17a07fe9109aa9f67158d270a607a2838	2258	other	/usr/include/wpe-webkit-2.0/wpe/WebKitAutomationSession.h
a43efc0c1083b9895519ed2ee19a01b4b022525f879e03726f7295fb97af9078	2695	other	/usr/include/wpe-webkit-2.0/wpe/WebKitBackForwardList.h
fdab0fc471fb8111a5034a045715a4231ebf8a7d9c97fef39cd67189ad165b59	1682	other	/usr/include/wpe-webkit-2.0/wpe/WebKitBackForwardListItem.h
b573716315c495059c373bef188cb98b692af9b3eda4a56e44793422e3331270	1442	other	/usr/include/wpe-webkit-2.0/wpe/WebKitColor.h
3ca9d990571a7e4116db5126cd90887d0309165776516087209148b4365c6cba	3501	other	/usr/include/wpe-webkit-2.0/wpe/WebKitConsoleMessage.h
25adb8eb495c93c8d155f2400221d28cb692e0abfe52fa66aa73f5670b15e379	3681	other	/usr/include/wpe-webkit-2.0/wpe/WebKitContextMenu.h
b76a50ca5ee3cc07855647cbbead6fd898343f9804d405c4ecd44f5eed0c0e06	6439	other	/usr/include/wpe-webkit-2.0/wpe/WebKitContextMenuActions.h
4db5ab88faaaf6293aaf34920410db1d86c2e7e064b00f12ed341cfe97dc328c	3317	other	/usr/include/wpe-webkit-2.0/wpe/WebKitContextMenuItem.h
514efd0b1750a4a844b75720c492653eedaac99e54e53926ab50d3f821370cc4	7582	other	/usr/include/wpe-webkit-2.0/wpe/WebKitCookieManager.h
8be7e5d82f2f6c547a557dcc86d403e6285f58143ae41b6a61e4af4992c955d8	3332	other	/usr/include/wpe-webkit-2.0/wpe/WebKitCredential.h
a36d452226b7929f83c461d432d531ade66910b25c646a5cf2e23643a890ff68	5114	other	/usr/include/wpe-webkit-2.0/wpe/WebKitDefines.h
cd5e67ed8ffe7a727bd351b938f8c5a3a507239275566237903b8a95f5bac84a	1366	other	/usr/include/wpe-webkit-2.0/wpe/WebKitDeviceInfoPermissionRequest.h
c3ac8f8f1e9f39bbb0013000d43d37dbca23fdb4bfd3488cc3abe1937c866576	2503	other	/usr/include/wpe-webkit-2.0/wpe/WebKitDownload.h
b4099a308ba83de45911b5fd9225b7d1b50cc186cbccfe81600bfe6125633591	4906	other	/usr/include/wpe-webkit-2.0/wpe/WebKitEditingCommands.h
a65081db84d162176409a02e78f14c4958c7fb4e737011430942ef22f5d5ac10	2672	other	/usr/include/wpe-webkit-2.0/wpe/WebKitEditorState.h
ce54253c69c3da91b55cc39992764735ed01f941f60f10e26c8203080d418ef9	9007	other	/usr/include/wpe-webkit-2.0/wpe/WebKitEnumTypes.h
9e17c22db1b5d3a6ab67fb66df27c4fd76fd9d8888d7b5f4a44128c98813833a	8897	other	/usr/include/wpe-webkit-2.0/wpe/WebKitError.h
99cb3688223ebab1fd3b3845baec8445e97b5a141e60d6f86172d585dabc8ee2	5234	other	/usr/include/wpe-webkit-2.0/wpe/WebKitFaviconDatabase.h
c52e5fee4fdf1e4a348a75403cc8711123cba20f4c4e8f38f6f5021ae7fca708	4707	other	/usr/include/wpe-webkit-2.0/wpe/WebKitFeature.h
5ef1c654958bd3439c05e1e8d0179551072a17712c19225541c4d5d731032820	1966	other	/usr/include/wpe-webkit-2.0/wpe/WebKitFileChooserRequest.h
f8737f5681ccb1e4576e49b0f80d3fdabde76db8a82f1a7a9de88475c3282d2e	3785	other	/usr/include/wpe-webkit-2.0/wpe/WebKitFindController.h
7ca0793e87a911aeec055d691d6c746dfb6d50c42f816a63983c45b2a9bdac4c	1745	other	/usr/include/wpe-webkit-2.0/wpe/WebKitFormSubmissionRequest.h
5cf125fc9b545c134cc6c28490c57a50faf1e42f3b272c7807e2b778e922930b	1953	other	/usr/include/wpe-webkit-2.0/wpe/WebKitFrame.h
e30d03839ab221a0e855fd6a5ac953eb2ce9297141e278496ec18c6048742cd3	3652	other	/usr/include/wpe-webkit-2.0/wpe/WebKitGeolocationManager.h
d1e1d0860f50bf91a31eb1464db20b1f0f9cbd058e5d363774e6f5f1a8f13135	1392	other	/usr/include/wpe-webkit-2.0/wpe/WebKitGeolocationPermissionRequest.h
384e4f77691c251cb3e35cfcda7b44871466d0aba0140c10fa9ea9029eda7a5c	3643	other	/usr/include/wpe-webkit-2.0/wpe/WebKitHitTestResult.h
1cb1e516ffaa5bc1663e9410991acfae7b9ad7660ebcfa79e4318f8755961dd0	2162	other	/usr/include/wpe-webkit-2.0/wpe/WebKitImage.h
9462af4b5375c37e1e3dbdd14ac7638350e45d785322bb0770726598a66ee32c	9806	other	/usr/include/wpe-webkit-2.0/wpe/WebKitInputMethodContext.h
ea6638280a5de198405601f4df8a134cf640f9ece825342046d3cb70838ad9a6	1157	other	/usr/include/wpe-webkit-2.0/wpe/WebKitInstallMissingMediaPluginsPermissionRequest.h
27c5ce100854ce359cac6a54b68d5a333411d040a09d2f215be9572ca0b15c21	1541	other	/usr/include/wpe-webkit-2.0/wpe/WebKitMediaKeySystemPermissionRequest.h
8f0f1f351262f5f2a2a7a466d19c06a0a1df7471135e3860181f0371ff5c7df0	3460	other	/usr/include/wpe-webkit-2.0/wpe/WebKitMemoryPressureSettings.h
b83b5dca2003f7482ad9ece8f3eb4b51b8dab066f23fff262dbb70cd020ca4a5	3241	other	/usr/include/wpe-webkit-2.0/wpe/WebKitNavigationAction.h
5d7b6b973ea71c13884b1295a363b72724967d7b4093f1e0d2d803f788d8490c	1628	other	/usr/include/wpe-webkit-2.0/wpe/WebKitNavigationPolicyDecision.h
d8cbd431a92300269081e6a1684b833afc48f1f89056433f9f99344ab1f40086	3018	other	/usr/include/wpe-webkit-2.0/wpe/WebKitNetworkProxySettings.h
5dbbde4545f070fb725d2107e26b1d83f473a7382eb40df1e9f0b2eca9996951	5495	other	/usr/include/wpe-webkit-2.0/wpe/WebKitNetworkSession.h
9070d77902ef74ff71b1d0c7c8f03acc46127158595372fcab62e338fb1ba1d1	1893	other	/usr/include/wpe-webkit-2.0/wpe/WebKitNotification.h
57ac693f415bc81d40a062a01a3106bdcd80b72577849fe8386905e10ca71f66	1399	other	/usr/include/wpe-webkit-2.0/wpe/WebKitNotificationPermissionRequest.h
b828ca97785e3e90dc06b19eda3358436ac64937f65b45a2953fbb5b31cb3ac5	1891	other	/usr/include/wpe-webkit-2.0/wpe/WebKitOptionMenu.h
bafe83ac4d1c298c4347219fa8719aeb84b7e0fd72dc2f6c56733ac5aab258dd	2044	other	/usr/include/wpe-webkit-2.0/wpe/WebKitOptionMenuItem.h
88307e218991cf891ea2e101506b16d2b34fe5ec2322a1e190008f5f5c7e7828	1685	other	/usr/include/wpe-webkit-2.0/wpe/WebKitPermissionRequest.h
a5dcb76a3aa27b1b2f02a1a95b84ad54824daf48b5bb7b245a3053ff35eb2e81	2526	other	/usr/include/wpe-webkit-2.0/wpe/WebKitPermissionStateQuery.h
fb5090a61e6487f93981f579a2aa2dbeb877003ec0c575761e76fbb2dfdb1035	1396	other	/usr/include/wpe-webkit-2.0/wpe/WebKitPointerLockPermissionRequest.h
cf9e494696e13e8aabfa77f4fe5560b59d3dc99c063309011a67a8eb6cf33bcc	2147	other	/usr/include/wpe-webkit-2.0/wpe/WebKitPolicyDecision.h
eee56060bef5cbc1071bfe1e85a19d6c52f7abf6960119d4bc1c544ca0038692	1366	other	/usr/include/wpe-webkit-2.0/wpe/WebKitRectangle.h
690e4cd6cef9f551c5011979f3091e0963d42bafc11d6d89e71816c2c439be4e	1983	other	/usr/include/wpe-webkit-2.0/wpe/WebKitResponsePolicyDecision.h
02d2c50230dc31b31659de44461d5b07e5d2caa81cb92202734938e48ce3d05b	2962	other	/usr/include/wpe-webkit-2.0/wpe/WebKitScriptDialog.h
f1cb0278c10e3b509c6b7f53de7348c5802ae8fb0c20da4dbe7f5ee5d388e91c	1643	other	/usr/include/wpe-webkit-2.0/wpe/WebKitScriptWorld.h
5d02efb9fb6ef6e6d3923f5451546fe26fb0967b5cd6cd50af5f3875103a8575	3962	other	/usr/include/wpe-webkit-2.0/wpe/WebKitSecurityManager.h
392d534700a20fb857cd66c6613f43a6fbbe9e25644384de2e9a1d7e0edf685c	2210	other	/usr/include/wpe-webkit-2.0/wpe/WebKitSecurityOrigin.h
cb55a15f4eaf5dccc09bf17679562780fd40295eea08fdef174b545bcf9e0f93	21350	other	/usr/include/wpe-webkit-2.0/wpe/WebKitSettings.h
cad1862318806e92a24ee7594829f14d5283bb9571bbcb3fb0767953c9369434	1857	other	/usr/include/wpe-webkit-2.0/wpe/WebKitURIRequest.h
3c7ae8638904309cb419ebd8f8530d2e8ecc432875eef723c6f9df331d71efc6	1957	other	/usr/include/wpe-webkit-2.0/wpe/WebKitURIResponse.h
5a7d17b6cc84d8f2c8f7fd83c9056dac2c0bff53b00bf39d7f565ced44d6b0ec	2804	other	/usr/include/wpe-webkit-2.0/wpe/WebKitURISchemeRequest.h
6a3b08039da22156b5c1d6ff9d764cccb3d0cc410a189b5533603c10d7af52cf	2191	other	/usr/include/wpe-webkit-2.0/wpe/WebKitURISchemeResponse.h
208c6c8063f3da32b2f61e5d7e75528a596b48a54330cdfbf4f9b8f248a79492	1150	other	/usr/include/wpe-webkit-2.0/wpe/WebKitURIUtilities.h
06f7ee460bfda3e771fb89b59f9b52e541ca98d2b5d950f26d919b17b2861c2f	6087	other	/usr/include/wpe-webkit-2.0/wpe/WebKitUserContent.h
ecb23afa1a7db554181878999d5578b80ad28fd9f3685812c672f18bad23eb88	6423	other	/usr/include/wpe-webkit-2.0/wpe/WebKitUserContentFilterStore.h
4ebdda50f4c95e43a1ed74b7608a4abe5fb3e4a94f333a7313ac21667885ce59	7792	other	/usr/include/wpe-webkit-2.0/wpe/WebKitUserContentManager.h
aaec551b5e9ec162c8a22b24a19eb8ad4b9139ac935647841e46251f51e41506	1706	other	/usr/include/wpe-webkit-2.0/wpe/WebKitUserMediaPermissionRequest.h
1af39d9252216d2253cedca8c2ecbab638e2249ec3f5e88ee5f7735b9ebfbc94	2586	other	/usr/include/wpe-webkit-2.0/wpe/WebKitUserMessage.h
0f4699e89b205195fda07665e75862554aca66c1b6148a8695004cbd57858a28	1655	other	/usr/include/wpe-webkit-2.0/wpe/WebKitVersion.h
1faafa53233cf69a7eec7a18ffc0b2ce80fbf78aaeebfb6f08b9fcab45a2e4c9	8598	other	/usr/include/wpe-webkit-2.0/wpe/WebKitWebContext.h
5948fb6f075f54c300d53b1c443abe3dab75cda1079cabccdc352ed744ae5115	1523	other	/usr/include/wpe-webkit-2.0/wpe/WebKitWebEditor.h
e8446cd5282aff056c1cef630271cf6431903ba1cbd81cc6d604171102aab5d0	4923	other	/usr/include/wpe-webkit-2.0/wpe/WebKitWebExtension.h
f323478f46fc3dcebace01c0a67d074924b548e758ffa17bafe59344916e4bac	5098	other	/usr/include/wpe-webkit-2.0/wpe/WebKitWebExtensionMatchPattern.h
c4cd87841c320b2c22ef4faf1da635861c8e12d866767175d96ad56a4477dc5b	2639	other	/usr/include/wpe-webkit-2.0/wpe/WebKitWebFormManager.h
1688858c759f4d4ebaeadf42ed15a465daf1c86e868d3279cae2c3576c00b12d	3064	other	/usr/include/wpe-webkit-2.0/wpe/WebKitWebHitTestResult.h
736c5982a148b6237c9539f3b15ad7d453afd6aefe6744966138dfb4e3659779	2729	other	/usr/include/wpe-webkit-2.0/wpe/WebKitWebPage.h
a3d5c625d7714eda631a6da473fc62192c62ba5da96dc041e48bb7338357dec4	1749	other	/usr/include/wpe-webkit-2.0/wpe/WebKitWebProcessEnumTypes.h
685f1aead7f8766ce9b8c3b7e6ae248c28dbe9fea036a7fb90ff768f26fbf2d3	3493	other	/usr/include/wpe-webkit-2.0/wpe/WebKitWebProcessExtension.h
f17604f362f503c2ed8f2ff7f0fa2313b84d9b90dac857c33d107cb70a15e011	2092	other	/usr/include/wpe-webkit-2.0/wpe/WebKitWebResource.h
93921e649462c7ade322e55882315c139bf4c2937a54a0ffddbd305f9f611a9f	37168	other	/usr/include/wpe-webkit-2.0/wpe/WebKitWebView.h
a79c1a080be95fc659c6675319b1f4c8346a8ad8ca89073b2fa639bfc86881f0	1729	other	/usr/include/wpe-webkit-2.0/wpe/WebKitWebViewBackend.h
6c5578095b5b51d4ead558a95c6107c0298afebc1216b723e72bd939f488f8da	1733	other	/usr/include/wpe-webkit-2.0/wpe/WebKitWebViewSessionState.h
55cc73422e13240b562a2c5426116a5d3542dc2196f9da24fa77ca56dbeda092	2727	other	/usr/include/wpe-webkit-2.0/wpe/WebKitWebsiteData.h
61f8afb02ba802a32d5aefe5d77d9be94659b0161a42ef8f0511dcf0e0ca71ab	1711	other	/usr/include/wpe-webkit-2.0/wpe/WebKitWebsiteDataAccessPermissionRequest.h
44833f663b04dd7340475a9b992fdada693579fbc4e131d1aac08886d001ef72	8060	other	/usr/include/wpe-webkit-2.0/wpe/WebKitWebsiteDataManager.h
e8cfbb14fe51528d4fecc96c2666b02748d8f097017e963cc61f3c2a70c64332	2278	other	/usr/include/wpe-webkit-2.0/wpe/WebKitWebsitePolicies.h
639dd2ad7569ec3e87814da9ab5191065af46703f7d262f08e54d9f5977245d1	2111	other	/usr/include/wpe-webkit-2.0/wpe/WebKitWindowProperties.h
9d70dc26a58c3f7de90afa162368fa9cf39849add1e8cee850e76b22e514a85f	4418	other	/usr/include/wpe-webkit-2.0/wpe/WebKitXRPermissionRequest.h
147318340de6b9247d7bee8c57782e17e965467c8f443bfec2876d127cd742bf	1725	other	/usr/include/wpe-webkit-2.0/wpe/webkit-web-process-extension.h
2ad004c8553db0faa726fb33ec2576ca5da655e965eb00dbf840d3970de5d71e	3932	other	/usr/include/wpe-webkit-2.0/wpe/webkit.h
fd26822f6d9f09155b06cf7190be82a4528e76445dcb76d8788407056b101f31	67616	elf	/usr/lib/aarch64-linux-gnu/enchant-2/enchant_hunspell.so
9c002dc8ac080f370e0bb17619db4882afa960cec31248bfa2aacc8d10e8fa44	475	other	/usr/lib/systemd/system/atlantic-browser-memory.service
6d95ffdf48b18aebd94c93137f33b4a28d62a4bc87ff6ddbf9d92c6068dd843a	353	other	/usr/lib/systemd/system/atlantic-memory-reclaim.service
191a427afc85d55990dca56bcaa7edf8f95baa2de64b1718d1401e838a93be8b	157	other	/usr/lib/systemd/system/atlantic-memory-reclaim.timer
735acd559d4b3d7bce800fe64b20a9ac295d6afdf489dcfca907b72644caf4fc	72200	elf	/usr/lib64/atlantic-browser/web-extensions/libatlantic-adblock-extension.so
30407ab038cf07cbfc89df20a28c9100458741af7fdbbec60f720f15b2d47b9f	73704	elf	/usr/lib64/gstreamer-1.0/libgstdroidcamdeviceprovider.so
ec5fb1bf244fda679db75093100f7935f35e7b5afb963ef9dd5271d5eed68e80	190856	elf	/usr/lib64/libWPEBackend-fdo-1.0.so.1.11.0
5b85954d3b538985461d240be451d654620e1bc120e5a154e8c13a584abaab7b	193803064	elf	/usr/lib64/libWPEWebKit-2.0.so.1.11.3
0c73601037fe81ca3f738ad4e8b96aba4760a45b0ca14e821bb083488ac5beb1	4497936	elf	/usr/lib64/libatlantic_adblock.so
21eaafb3f3c7fc7f0418407d6c37f91c09562d613c495d39a56e3f8465ccd182	1889328	elf	/usr/lib64/libepoxy.so.0.0.0
5b191d42d1385fc40e48f8a7288c0cd50873f68199ace71032bd6b5bce15ca8d	2599096	elf	/usr/lib64/libsailfishbrowser.so.1.0.0
e7f0ac7c25cb5e4aa3003c14cc909b1c8df6aa189dcdfa5430369025693ef8d7	67600	elf	/usr/lib64/libwoff2common.so.1.0.2
611c65551d17e6b39c9424d9b98edd8f2821b67c87eb5a6e7ba4ae3d1fd1d1d8	67680	elf	/usr/lib64/libwoff2dec.so.1.0.2
6d99c791b23a467362775f65f4db95e055022fdb2b65100c7dc2e1dc13182655	428320	elf	/usr/lib64/libwpe-1.0.so.1.10.0
0f48213f39c53b338aa378000c5231868b1c5d73dcda8620656397b749a15830	272	other	/usr/lib64/pkgconfig/epoxy.pc
266be15faef86ec33f645db4c49a71027c304e6768699774a594f640aec7efc9	234	other	/usr/lib64/pkgconfig/wpe-1.0.pc
a9e071e381d38e23dd50475cc6a085730161d250c662f405d6fcd6a2ff0e0832	343	other	/usr/lib64/pkgconfig/wpe-web-process-extension-2.0.pc
0fb319a0288eb3a74fa9239ba16f87ce85344f4597001a0d2831410b40d688aa	284	other	/usr/lib64/pkgconfig/wpe-webkit-2.0.pc
97f9cac648b83a24c18e6e2faf4c6007e0c73b4b2a4e4a276157e739ab7d047a	246	other	/usr/lib64/pkgconfig/wpebackend-fdo-1.0.pc
ad44dcd58f7dece1d331967066532711b7e513c7188e0c813e9770ff02b5a4ca	335120	elf	/usr/lib64/qt5/qml/org/wpewebkit/qtwpe/libqtwpe.so
62ebe3a6c2a28da1c4fb16bcd9284bc821789a459a7d9c5a563e09fa41eade0e	40	other	/usr/lib64/qt5/qml/org/wpewebkit/qtwpe/qmldir
2896f2608b49113496e6872c77cb591f51f4e646fec01e59f517a971199979fe	67728	elf	/usr/lib64/wpe-compat/libatomic.so.1.2.0
1b3b84c176c0e1f1e2d3b3e1fb8c1de44bedd991f0c762c25f45da0430ade6aa	214720	elf	/usr/lib64/wpe-compat/libavif.so.16.0.4
016600f673a5d1a565cf98f608d8425033593ab78827eccc3384596f70386c8c	198784	elf	/usr/lib64/wpe-compat/libbrotlicommon.so.1.1.0
b7895f0fd4ad47408cb01fcb959ae6792804c15512526166f9bf48358714d0b5	67688	elf	/usr/lib64/wpe-compat/libbrotlidec.so.1.1.0
3dc901732d8e6cbfb9d6e287ce87166011c25babe5331f844e1ea243158ceeb8	722792	elf	/usr/lib64/wpe-compat/libdav1d.so.7.0.0
010d1f9c8fddd7940ed5a1a33cbf1b585ba38ce76496e3b9dbbd56d5da9f3cdf	70480	elf	/usr/lib64/wpe-compat/libegl-stubs.so
905131195e1aaad6e694fe585e8162bfe0fac57535b7ae837f51cdd8c93b5b57	67512	elf	/usr/lib64/wpe-compat/libenchant-2.so.2.3.3
90e3bc5f84bdd6242606ba92f852e4ab45459d08be7a192f4c2611961bd2b674	67824	elf	/usr/lib64/wpe-compat/libgbm.so.1.0.0
633b31e0e754e2a11fb7c5f5a07a32c7740ea1b4f65f3c0ee03dcba70c0af856	69880	elf	/usr/lib64/wpe-compat/libgssapi_krb5.so.2
630ea3191272d4936a53f37ff62b70028a8fd45d152f1b84be45fd3a43c09ab4	69272	elf	/usr/lib64/wpe-compat/libharfbuzz-icu.so.0
7750775f488ced3c75c6f1a6a831a9bd4f68f66db627ecfd0c2a26561eeb30d3	738336	elf	/usr/lib64/wpe-compat/libhunspell-1.7.so.0.0.1
d45014b67ae6df2f15c8fb3e86d37b78375deede47ef73b7c61e8b6b28c8223f	395264	elf	/usr/lib64/wpe-compat/libjpeg.so.8.2.2
5042d68ce8dcccf76fc822badce9069993021ab3ff7e349761673c7e6c766d30	69832	elf	/usr/lib64/wpe-compat/libsigill_skip.so
97be72693e95bd911242aefee979687aa6429e59141236353931042461ed4e59	657880	elf	/usr/lib64/wpe-compat/libsoup-3.0.so.0.7.1
df41f583a2a4c633d67640d7647e459501d7c71b2d9fadbd981a8263246caf1c	70280	elf	/usr/lib64/wpe-compat/libsyncskip.so
de50ba4d3d00942c286582ef7ea95c8bfe063dd366e39cf255713998474a3ceb	7776	elf	/usr/lib64/wpe-webkit-2.0/libWPEInjectedBundle.so
705e8877d43fd705876ee8157697f76fbd6e2899e7402abe4e7328b2289dd2b9	4193	script	/usr/libexec/atlantic/atlantic-browser-memory.sh
a9d12d2cc7da14f9737fe8058071d1d70bdc9963ff871ff71d12297ec68c2486	2944	script	/usr/libexec/atlantic/atlantic-memory-reclaim.sh
064f52f8145aff7b424f40b7bda855599ec784c41ea07891c6a22ce5603f4b3f	7632	elf	/usr/libexec/wpe-webkit-2.0/WPENetworkProcess
448e875136ad0889c553b2e7cf8082a925ae58ef1b8fcc70c897983512fe00a2	7624	elf	/usr/libexec/wpe-webkit-2.0/WPEWebProcess
7ba9071b7d3ccf57ebd62c32ed77981751f1f8832c6d815a442cf169c4e9dc9b	565	other	/usr/share/applications/atlantic-browser.desktop
a8df6db9eaaf52d79fa34bf2b32f355d6347eb39f3d60bb52992a891e05326be	661034	other	/usr/share/atlantic-browser/adblock-resources.json
4abcd03523a52e015317baee2ba06460bc2e55989304f035b637ed4480840e22	415066	other	/usr/share/atlantic-browser/autoconsent.js
929ecbb0e927c26272140d8cc703dcbdfa0f8f2008dd86e6dada4087dacc644a	8407	other	/usr/share/atlantic-browser/browser-minimal.qml
2d03ad6760e85e92432833c6232f62f8eeed96b727e4c50b075fe6d8ecae4806	2707	other	/usr/share/atlantic-browser/browser-silica-main-smoke.qml
812d7d317868769791d2fa28949eff60b53ce66bdca9c8df824c574decba3ef0	3484	other	/usr/share/atlantic-browser/browser.qml
2619ea597e4f5b616e23ae2e022dd755dacaf531e8c05414781bc7542b736365	12241	other	/usr/share/atlantic-browser/cover/BrowserCover.qml
bea3ba0149eed30de825272a4e586c94a2bb1b58447615e21818bf3546a9270c	2108	other	/usr/share/atlantic-browser/cover/NoTabsCover.qml
f04b4f753599b649c8cf6e0034adc66b54eef2c9d16c0f5977e316fdb22e54e9	31316	other	/usr/share/atlantic-browser/data/icon-launcher-browser.png
8604b2be87a43d94ff8ca02abcd15654ebe83b26a9fcdeb043d9a6bb425d3850	16397461	other	/usr/share/atlantic-browser/engine.dat
4f76d83ea154a744bb6377e5aa428d435fd6aa6d12c9985a93495a5b95ce794a	11	other	/usr/share/atlantic-browser/engine.version
ba5a6f22a1522f71682a729949222b9d3fb17cb9bb524921ba77b5374cc872ed	1873	other	/usr/share/atlantic-browser/icons/icon-m-extension.svg
e82dc1237b5ae9ec72d8277a41acb0834f152fb52a8ab9aca50785da57b61b89	4586	other	/usr/share/atlantic-browser/pages/BookmarkPage.qml
84aeac42d752da249bf6d16a6241bb3a9c9ef0ae9401711ecda8472b706954a1	41057	other	/usr/share/atlantic-browser/pages/BrowserPage.qml
86735e0d3f3337b9fc14e0077ac18174ce9882d1fdeccec34b063cb494330510	3476	other	/usr/share/atlantic-browser/pages/EditLoginPage.qml
026e1bd5bbd6945c28a1c99008ab274ecd64e0fc957c6f036157642c980e7542	13465	other	/usr/share/atlantic-browser/pages/ExtensionStorePage.qml
ee4156479b9044b0170f28825eeff822f1ecce16cbbadc7eb33f37f04da2d2b6	10151	other	/usr/share/atlantic-browser/pages/ExtensionsPage.qml
63cc02a83a55b27e3f522ac7a07e3da1b67cc0ed60d7d3ed95a90caa28832691	3012	other	/usr/share/atlantic-browser/pages/HistoryPage.qml
7cc5ac951c12562c8caa924fb3cc7535105084cbf1e3ece4a5594e796cd96efe	15988	other	/usr/share/atlantic-browser/pages/LoginsPage.qml
91a6b96ad541db26b5ab0a8aec8365328a09ed54237fe5f6aa187fbf206aea75	6309	other	/usr/share/atlantic-browser/pages/PrivacySettingsPage.qml
145de0724cbedfa88a9947e37879969b53f676dd404c019b14ae6c60a002072b	25263	other	/usr/share/atlantic-browser/pages/SettingsPage.qml
f371e66c5588cc901f74f4faac3525630c6b0acc6621e014844f5d79874a154a	8271	other	/usr/share/atlantic-browser/pages/SiteUaSettingsPage.qml
9b9d6b4c7e1439728790263b04faccfd3a4c7fe1fdc9d3c3e37a4180c50c3604	2983	other	/usr/share/atlantic-browser/pages/components/AddFavoriteDialog.qml
bc6b83c0208f8981a5eba503ac1167ff723408c7be468fcfbbe2922a924f4568	1490	other	/usr/share/atlantic-browser/pages/components/AddHomePageDialog.qml
46e78fded3ae12be6ebff1e58643c4ce262ccdc6648400248bdd669d812581a1	599	other	/usr/share/atlantic-browser/pages/components/AddToAppGridDialog.qml
6868e1475f8858460ae615a130ad00c85eeb8daadf17ddea0be3498eb2786390	3988	other	/usr/share/atlantic-browser/pages/components/BookmarkEditDialog.qml
9a842ddf2156cd230c3390ffecb0607f78b0f85da78bcafede43d8bb5a09ae7a	9332	other	/usr/share/atlantic-browser/pages/components/BookmarkItem.qml
6450338d16a9e57410e189f7b7b79fb340047c9c33d4f04e83c09a3930bf3477	750	other	/usr/share/atlantic-browser/pages/components/BrowserComboBox.qml
aa4c800fedbe5a277c0b9cd3fb5d61e01b654461b8d8720cbc4a22d4f0d0854a	1167	other	/usr/share/atlantic-browser/pages/components/BrowserDataItem.qml
29e1aab061922f825eda02d43a52992043bfea3539645659397287e24a613aad	1704	other	/usr/share/atlantic-browser/pages/components/BrowserListItem.qml
370bdf8f4770a7d3c20a062bb1c81618a5044ca4099884d3603909678f7caea4	5653	other	/usr/share/atlantic-browser/pages/components/CertificateDetailsPage.qml
17b0ce3d84634fb0408c22d1cb0f2798277fff1e1849c52e38bd6269a9b00c7e	3706	other	/usr/share/atlantic-browser/pages/components/CertificateInfo.qml
bf8632c551f5b0f3e97bf58a4fe75b564a182cd00d5de8e9929f9d1724607960	1258	other	/usr/share/atlantic-browser/pages/components/ConfigDialog.qml
cbc764744179b8b9d9e06f7a888c9825c841135203a6278f83a7e231151920c8	1121	other	/usr/share/atlantic-browser/pages/components/ConfigWarning.qml
3e87948c29fc53e4fd84ef282259afb4606966df175caeaf3dd35d4acb7c777f	1917	other	/usr/share/atlantic-browser/pages/components/CrashBanner.qml
232b3d9322ae7d531dacb9088198175219121ed90f54799998ad86b18f7116be	2875	other	/usr/share/atlantic-browser/pages/components/DebugOverlay.qml
1a6e7ceac51d0fb0b0f8c3f9fd69fadd317594110b5142e0dcd9071ebe8e1cdb	1214	other	/usr/share/atlantic-browser/pages/components/DimmerEffect.qml
bc69f6d5a516463e789186b07effad744b2bb26f09bbcb7d4f6a173019deb55b	1429	other	/usr/share/atlantic-browser/pages/components/DownloadRemorsePopup.qml
c61a890a32eecedbfb1ede210d60c3a2e47f7647ece79923568100da490af409	2151	other	/usr/share/atlantic-browser/pages/components/FavoriteContextMenu.qml
7f8444fcb7fa8c467ed46baef779fc69d97ec74500a569f0777f8390e0ffb53e	6582	other	/usr/share/atlantic-browser/pages/components/FavoriteGrid.qml
327d1828c5f3072f6ef4ca5fe4694fa72fd0609b304f5d1b1f53b4f2849cce1b	1835	other	/usr/share/atlantic-browser/pages/components/FavoriteIcon.qml
d24917068df3522fa956ad38d49bc1b2b7b730a5a0970d1ce5b600380291d335	2444	other	/usr/share/atlantic-browser/pages/components/FavoriteItem.qml
72c901c351c8b341cd893a5a3711aff4d7a2952e3dd24647cad070d67b6a366f	3052	other	/usr/share/atlantic-browser/pages/components/FilePickerPage.qml
3fbecf8b699bb6814ee891b9438c966089ef1b872bd9789635b3fc446fa3285f	3536	other	/usr/share/atlantic-browser/pages/components/FrostedBox.qml
90a4407c8a8e17c0b95a4ed02aa0e46a7b006d173c182eaae27c76f32fdd97d7	4304	other	/usr/share/atlantic-browser/pages/components/HistoryItem.qml
e81ae9de5975c6f1c31dcff463c84c3a4476f94029a7ae4f6e55ed028614f978	1692	other	/usr/share/atlantic-browser/pages/components/HistoryList.qml
0edcc5effa1986e2483f59391320f5f2bd90defc847487f288a393dd4437d8a6	9489	other	/usr/share/atlantic-browser/pages/components/ImageActionPanel.qml
5dbb75dfaebbf8bf505f66072eda3f8688504cf3597c317d142540eab7c0e212	7555	other	/usr/share/atlantic-browser/pages/components/InputPickerOverlay.qml
0dd9a367813158b5232d3e01724f6049a37ba622344441b3ac864e639ac01505	36574	other	/usr/share/atlantic-browser/pages/components/Overlay.qml
f238758d34d1d530bddecfd58bd8450a3a89dc85d6caf7ec8362505cb72c42f9	2173	other	/usr/share/atlantic-browser/pages/components/OverlayListItem.qml
af09c45d6fb4882c66713f6f1528ffa58deb5bae0e68ff1a30d7083923ae367b	3033	other	/usr/share/atlantic-browser/pages/components/PermissionBanner.qml
69001678ecc96b5006088114df035a17112d997dcb22b78aef50275168c54fa2	12690	other	/usr/share/atlantic-browser/pages/components/PopUpMenu.qml
827aeb84862897229ebd54af439f0e1c821964538c39903f935719682851d467	3274	other	/usr/share/atlantic-browser/pages/components/PopUpMenuFooter.qml
27d2410131b2f8d54330c0ce3f88756d7c6fca0e50e646ca0bb8b3c07007214e	10133	other	/usr/share/atlantic-browser/pages/components/PopUpMenuItem.qml
93caa46f766d4ca267e42fe38ee6c1e77181787f92dcaa6e673907e99d463635	1109	other	/usr/share/atlantic-browser/pages/components/PressEffect.qml
382d87358941a921ba3df1ee88b9ec02c42600ba3fe2062afea332504d7b9d90	4907	other	/usr/share/atlantic-browser/pages/components/PrivacySettingsConfirmDialog.qml
786327ded0bfc762f472ab25520588ff0eb2667046fbaa5eaa2a5fca1a175784	648	other	/usr/share/atlantic-browser/pages/components/PrivateModeTexture.qml
ab255c60228841bb37ca5c8170ba92665e08967b1fdc8bd2f293e19c4621acd4	2741	other	/usr/share/atlantic-browser/pages/components/SaveDownloadDialog.qml
68c04f350ad2223e863a477a4bc1be32ad148d9a6a038673d219996c199c77a0	3134	other	/usr/share/atlantic-browser/pages/components/SaveLoginBanner.qml
2127f1910fb45df13e19504be86c3fbbae649ce0210fc085d9c056a48d3d9cc8	2423	other	/usr/share/atlantic-browser/pages/components/SearchBar.qml
366be337b5813e95b31aca66d0e5b8fca6a9150bdfd3b351f92cdd5b3f41571b	1319	other	/usr/share/atlantic-browser/pages/components/SearchEngineMenuItem.qml
79ca0c530a7a47a431d9545b7b537740f47528e5856acc84e5cf42973da49b62	3729	other	/usr/share/atlantic-browser/pages/components/SelectMenuOverlay.qml
57f82946b2b517d8af1249315f7a474e1be9ea7a75cd1e3cceacbacad2f5ccf7	2271	other	/usr/share/atlantic-browser/pages/components/SettingsLinkItem.qml
1292b9f3067422cbb0656010f6ef6aa690435d130eb30da77f51cd544c9b7876	19364	other	/usr/share/atlantic-browser/pages/components/StartPage.qml
39ac16eeb9fcb4bcfc37ed36998a3e0ef890cdf0bd7f2e696d3a7dee918fbf2a	1096	other	/usr/share/atlantic-browser/pages/components/TabButton.qml
8da58129c80c66a449e79214d40bb8fb676fd7a44172f0a7b1146c58b9386429	4671	other	/usr/share/atlantic-browser/pages/components/TabGridView.qml
fb228bcef13c865f57b882a8a53f3ed5b52b36da1c0d93495b5440dda227de7d	8119	other	/usr/share/atlantic-browser/pages/components/TabItem.qml
4a7d795f7ce09812be0ad28799654f0d85704e77b178208ba48278779e3cc600	8906	other	/usr/share/atlantic-browser/pages/components/TabView.qml
2c5ced83ca0908021843a1d76fed5683b2abd7dc805d3450e820ef8fd5a922bf	3001	other	/usr/share/atlantic-browser/pages/components/TabsToolBar.qml
fd09b92ad03b1a14ca635a0b116ac5934c82a4b09d1625ebfca0cf20dcbb3cda	2975	other	/usr/share/atlantic-browser/pages/components/TlsErrorBanner.qml
543171e28eb192d9d0fb833b7b780a0c3a366fd8541e12981f183448b53f2ef2	23466	other	/usr/share/atlantic-browser/pages/components/ToolBar.qml
086c9c5c723f6b5ee77f18cb730aae279f1943163cb77f24f92a726757b5f553	1824	other	/usr/share/atlantic-browser/pages/components/UrlUtils.js
2b29f5f76559eefe6afc1114706e1367fc41786557994cda625f32b6f4d5231b	976	other	/usr/share/atlantic-browser/pages/components/graphic-diagonal-line-texture.png
25e5cbdec266e753ad7e4d5ac956e807877fab0dac11393005497af1434a4a8b	533	other	/usr/share/atlantic-browser/pages/components/icon_browser_favorites_mask00.png
6a906931dc2212659c95de38132df2a806656a354315e0700f2c170f809b95ed	703	other	/usr/share/atlantic-browser/searchEngines/brave.xml
c02f27f4d45d691f42ecf4f3309924c30d2a4f64fde199ff959e5bd51fe080b2	628	other	/usr/share/atlantic-browser/searchEngines/ecosia.xml
014ba0860e472d7cd52f3306a4d32542be58208b1aeed265cb934a550d21062c	579	other	/usr/share/atlantic-browser/searchEngines/google.xml
8e33e0e6aa69db5bf1f646d7557401c980196dbc39d795ccdba43291c529f1b1	4912	other	/usr/share/atlantic-browser/shared/Background.qml
6d771fb241a66300a85ea0d25a262104159637ad341d563734bb4fa9ab92ddff	1740	other	/usr/share/atlantic-browser/shared/BrowserWindow.qml
a22cfe697837799264a3a856df7a6425615429ee6d7cc1caaaac86b5381dbecb	675	other	/usr/share/atlantic-browser/shared/ExpandingButton.qml
9a55849ae2c212fae64429adfeee493440814ac9195a57b379d894f59d23e6e9	954	other	/usr/share/atlantic-browser/shared/IconButton.qml
d123468210e9fe6fd509b69214f4c544c41f7669b12e700795ab5a3061f3890c	2291	other	/usr/share/atlantic-browser/shared/OrientationFader.qml
4000d1d2f3f1f8be90ea0a95857bdb87c3c5bfe275af51b7d5014ea92d99fe82	10746	other	/usr/share/atlantic-browser/shared/OverlayAnimator.qml
7294c8e0475ddda0828a54493de99145e459965d30250d4ab0eceee4799c350f	2465	other	/usr/share/atlantic-browser/shared/ProgressBar.qml
6027b162792870c5fbea0860589175c6996b8914f31d673b30ef995dcf5f4865	4466	other	/usr/share/atlantic-browser/shared/ResourceController.qml
036d4180ea887b0602472935cf60d7c9f400d0539ba109d157b12cc8f468757c	1287	other	/usr/share/atlantic-browser/shared/WallpaperUtils.js
19a2401ec6ed259dfc505a52120749e93130f132ba4d5fe5350daa2b67f8eb13	29976	other	/usr/share/atlantic-browser/shared/WebView.qml
badc309eac1cf18d521c85d1443e99deeab025674b61764005d1fafa5f6e1791	123	other	/usr/share/dbus-1/services/org.atlantic.browser.service
81ceca67caab6fb67f6ea3461e9db7659f9825abecc272efe11b089e96051c32	126	other	/usr/share/dbus-1/services/org.atlantic.browser.ui.service
70fe5778717d097ce2f3326baaa5c1e4d2206d81a5a81d3ea8e11c4770806dd5	3131	other	/usr/share/hunspell/en_US.aff
829a043cf078d1e80e886289a13823454977f442a239a859d2133ea61944aa60	860381	other	/usr/share/hunspell/en_US.dic
f04b4f753599b649c8cf6e0034adc66b54eef2c9d16c0f5977e316fdb22e54e9	31316	other	/usr/share/icons/hicolor/86x86/apps/icon-launcher-atlantic.png
c50f86ee24c869a09e8d0f1c12ee7f92de477078f1f6b3fb73873963cfe9e370	26572	other	/usr/share/translations/atlantic-browser_eng_en.qm
2473060b4020170d1661e61fef284e2b6f17ac11beec4d8977411782ddd9c543	353990	other	/usr/share/wpe-webkit-2.0/build-config/CMakeCache.txt
5e5d67d95432073ea9f85d4cd413a06afd787fe033220ea4a8ce99aa74519b1e	8019	other	/usr/share/wpe-webkit-2.0/build-config/cmakeconfig.h
bf85a3f2ccddd516090b553b7c4020aad689f8b443c55163207f5b2f29240547	298	other	/usr/share/wpe-webkit-2.0/build-config/feature-flags.txt
88250677d3426a11342a975c25ea848239737a19986a542602aa8429f2d473c7	1390813	other	/usr/share/wpe-webkit-2.0/inspector.gresource
