4cdc8d3e3fbc0dcf6620240bb2a5bd188f1e4caf5805c230fda19cd734120a04	909108	elf	/usr/bin/harbour-thakir
fc4dfced31418248f820ecb0651c73382ee28f900c39728dae49dc636686fa39	2867	other	/usr/lib/systemd/system/harbour-thakir-check.service
9f1bfd2ae567d92f77ddbccfdfaa2a3f8f8c9b393accc580dde313e928d54176	975	other	/usr/lib/systemd/system/harbour-thakir-check.timer
22cbd88760a9977de6c4e67d0e4bc003aef3e3b8e61d3d54e4965aea5cd324ab	582	other	/usr/share/applications/harbour-thakir.desktop
77a0800c6101f08eb039c307aa9f9d22729e659512459efe5e244005770b1a8b	123	other	/usr/share/dbus-1/services/org.hafsoftdz.harbour-thakir.service
d97aa770a110fe8eb59642baecda77de22947340811b199fc73f3f1d97c66820	123	other	/usr/share/dbus-1/services/org.hafsoftdz.harbour_thakir.service
582f0e3de6e3a78a6a8cb1b53947d3e123eb6c7317b024ab249935b3dfd04406	24535040	other	/usr/share/harbour-thakir/data/quran.db
cf3c257321a2de92aecd2606f4ed2964dc0ffec5e096eae21f92d7969ea8c95a	48302	other	/usr/share/harbour-thakir/files/Hikmato_El_Youm.txt
f2fc54677280915d43552d79e9160a68c7922b6970b4c8ba3cd088c51d2cfdb0	15799	other	/usr/share/harbour-thakir/files/WarshLists.ts
13a4668ca04e60898ee3922affa62a8a1d1a76d60f6e6f8431718eaa8a0e776d	1593555	other	/usr/share/harbour-thakir/files/ara-quranuthmanihaf.min.json
bce3bd2ec734e17699ae0ee72e96510103fc5bf640da6f746006719e30b0cf65	1630518	other	/usr/share/harbour-thakir/files/ara-quranwarsh.min.json
140787b7c399b11d54bfa72c237075916084232efa8a4cddf704cc8a2a74b1fe	926476	other	/usr/share/harbour-thakir/files/quran-simple-clean.xml
8867c1d88191472adec9db694b3cd9f135b1a2ef580574d32cf888dcb22c5c7a	77234	other	/usr/share/harbour-thakir/files/tanzil-quran-data.xml
75c928db0d15c2d7f6492e727ac64bf43c67d3d8ce712e216efddc00ee7c1998	1680242	other	/usr/share/harbour-thakir/files/warsh_quran_authentic.json
59fc188b710fa0938b52e2e6d301b6976c0977ccb39f2bee449b23e96d7e9983	21789	other	/usr/share/harbour-thakir/qml/Images/Doaa.png
0d378737ffc33301d53643a28446b709e78ced490c3822290273b4d304312d1f	1892	other	/usr/share/harbour-thakir/qml/Images/Quran-icon.png
f9316c797da8d8b27bbaf55a4ca19a305a38e945f3395f38ac1829815dcd054c	9718	other	/usr/share/harbour-thakir/qml/Images/Quran.png
4688ac878d0ed4b3fe644dc16309e6e236d03c0f23180949dc57277e6ab4d177	364694	other	/usr/share/harbour-thakir/qml/Images/bg_djamaa_el_djazair.jpg
b4424b6a98fb4a0c7c8c43b1a04ff2a6939dc326ea8d8bf6415e46e07ff285e0	101164	other	/usr/share/harbour-thakir/qml/Images/bg_djamaa_el_djazair_portrait.jpg
ec90859fc2012ddf79d41da1442d0a47833c20f03257208321a37aa9b810c463	1024102	other	/usr/share/harbour-thakir/qml/Images/bg_geometric_1.jpg
8339b56a2d847957abf371609ef1ec2ff6d703af7c1d3f7582d26a2dd7485b37	933221	other	/usr/share/harbour-thakir/qml/Images/bg_geometric_2.jpg
07321a760751d5d7f145378ee088d9fe049065ffc047a10db82d21040dc334cf	1197558	other	/usr/share/harbour-thakir/qml/Images/bg_geometric_3.jpg
3e57a175c46e09a2e52f2587bbd9db29340d82a45fe151b57567e18878f2d726	53479	other	/usr/share/harbour-thakir/qml/Images/bg_golden_dome_palm.jpg
296fd4b76d4326b5f80bfc9e2cf0bd42f55e709c370f06a0aabf78a68afff6ff	62082	other	/usr/share/harbour-thakir/qml/Images/bg_islamic_andalusian_12.svg
5cc4e1e4ad43465395ace98dd4c8e70508e4bfbbc13e3151b682b15a209b634d	28582	other	/usr/share/harbour-thakir/qml/Images/bg_islamic_art_layout.svg
a134ededdb4259dced3fafdc5aa4e504b397578eb6c41695e5d370335cdc7a8a	21598	other	/usr/share/harbour-thakir/qml/Images/bg_islamic_crescent_mosque.svg
55e1d86ea038ba196e7a4c398343b1349f205cc9b661ad8fe6561fd07ed58b86	19045	other	/usr/share/harbour-thakir/qml/Images/bg_islamic_mihrab_arch.svg
0e7f12a4359b1d05e272a6b3fb1b9c9ac714df5f842c3273769c0384f8cd4705	124895	other	/usr/share/harbour-thakir/qml/Images/bg_islamic_star_8.svg
0732e0b5e1255ee10bcb97cee29c2bbbf78276110ee713f2baecebdbf5c96c81	40597	other	/usr/share/harbour-thakir/qml/Images/bg_minarets_nabawi.jpg
1bda5298ba0132c064bf6a0df91a3e2eb778d20fd0fbec24f729ccbfd4dc674b	99839	other	/usr/share/harbour-thakir/qml/Images/bg_mosque_carpet.svg
a651b13ae2481125b60e6956f1ca79fc6e96128478a16fc0fff0f71c462038aa	448869	other	/usr/share/harbour-thakir/qml/Images/bg_mosque_sunset.jpg
6cda784874f550832ef55d41796c4cea8946a10071accda77b6c7c6e1a0402c0	19981	other	/usr/share/harbour-thakir/qml/Images/bg_mosque_sunset.svg
b36ab5d8fb8a87632b87ee933ef51612e8213b20ab215fb5ff54dc3f3b32ae64	31493	other	/usr/share/harbour-thakir/qml/Images/bg_mosque_sunset_orig.jpg
e638fdf647ece9af37bb42b8957cf65e03c6ddf63cf751ef2f46d146560b9367	50233	other	/usr/share/harbour-thakir/qml/Images/bg_night_illuminated_mosque.jpg
0de201c8e5743edd376af6b854a9a38e98936fc1ea3905b416b76334bd45c655	41855	other	/usr/share/harbour-thakir/qml/Images/bg_ottoman_minarets.jpg
ff46a7114039c97f838f00807280bd3c975ff861dfcdb9e141b9a4852ad0385e	48168	other	/usr/share/harbour-thakir/qml/Images/bg_twilight_mosque.jpg
988cdaef54acc39e6ce2afa6522f7044c884b62cad6def1a6a265d7e74c1f455	929	other	/usr/share/harbour-thakir/qml/Images/kaaba.svg
3d557ebddfc48b83bcd2759e9ec2a379b7dbdbb33c3ce27a9d79e695924526ae	1273	other	/usr/share/harbour-thakir/qml/Images/ox16-app-kaaba-icon.png
40c210e2dc37c92e008724d7f63d938bb90b94f06f4d3cb68bb4f569248fc834	676	other	/usr/share/harbour-thakir/qml/Images/ox16-app-kaaba-icon_orig.png
10ce6586d62d14f225e8998e124500eb80378cd7c8214c6a9cc9ba7f49ff79c7	3619	other	/usr/share/harbour-thakir/qml/cover/CoverPage.qml
e2a47644762d16bdfb6d33e0d8db8c6ff30beae84150ef5a705316bbd829455c	136920	other	/usr/share/harbour-thakir/qml/fonts/AmiriQuran-Regular.ttf
689fe08d983e76489eb582fccb790725557b9cccef153e4a6c8f1ff437d8dd71	246236	other	/usr/share/harbour-thakir/qml/fonts/UthmanTN-Bold.ttf
689fe08d983e76489eb582fccb790725557b9cccef153e4a6c8f1ff437d8dd71	246236	other	/usr/share/harbour-thakir/qml/fonts/UthmanTN.otf
689fe08d983e76489eb582fccb790725557b9cccef153e4a6c8f1ff437d8dd71	246236	other	/usr/share/harbour-thakir/qml/fonts/UthmanTN.ttf
59e20b2403687a67854fd199861abed3528068c035d2689898465d5faf39bb31	246428	other	/usr/share/harbour-thakir/qml/fonts/UthmanicHafs.otf
57e48b5ac7bd7c17fb1f727853376dc9fd01e49d7cfad4dc851981991159cca1	256132	other	/usr/share/harbour-thakir/qml/fonts/UthmanicWarsh.ttf
20c1de975bd0fa0c5b66e35f5c392e6ac03f42002ec0f211638a5cc857d6b7c7	334760	other	/usr/share/harbour-thakir/qml/fonts/titles.ttf
b65da1575677a0fdb83b95e4160b818b028234d6edf0be7c1c66c4e0b721ab3a	3000	other	/usr/share/harbour-thakir/qml/harbour-thakir.qml
c7fa2656b523784bfbb6ac9b8fc6de4598a10a5036bb85d4e69aa6f06861117d	840	other	/usr/share/harbour-thakir/qml/icons/dua.svg
8b21f7f2666a6a3de7dd3ad5280fec418323678c9e405808382f278aa5ef8f52	10079	other	/usr/share/harbour-thakir/qml/icons/harbour-thakir.png
34a1d9860933f04ff79510c6ed39b67ebf2d8c7d045ee18d61b8c04cc9b7c4a8	455	other	/usr/share/harbour-thakir/qml/icons/ic_about.svg
27831c8ed181a9152409ac1e294c9055bac541f24b80b86996e45b10e79b0518	362	other	/usr/share/harbour-thakir/qml/icons/ic_alert.svg
721b471f4c6e7c3296761c0db59befa1bb91926fa7c7223ffbf940008fd12a11	322	other	/usr/share/harbour-thakir/qml/icons/ic_location.svg
4458b37364b07bde7192051d3f5b378fe5a4e3b4a48b45f3fb28aedeb4ee6a00	450	other	/usr/share/harbour-thakir/qml/icons/ic_silent.svg
bd6f5db628be85d73a08ba939786bb72c93faf89e80edb9ad2d3c88b48072076	269	other	/usr/share/harbour-thakir/qml/icons/ic_time.svg
988cdaef54acc39e6ce2afa6522f7044c884b62cad6def1a6a265d7e74c1f455	929	other	/usr/share/harbour-thakir/qml/icons/kaaba.svg
b338e0a120ff5ee1b0ef26c745d52677fcba9f5308bc06160880dda4a993f31c	611	other	/usr/share/harbour-thakir/qml/icons/quran.svg
7628fd18193739670354c19ea8c166ed693f0b8e87e757bdfd9c29b51f3feb3c	452	other	/usr/share/harbour-thakir/qml/icons/settings.svg
b9532bb9f00773e332fa737f93197676cda44f2d0124ed157fe771ac733951d9	18998	other	/usr/share/harbour-thakir/qml/pages/AboutPage.qml
f48590a267f8301ac82d26128f8f6f98567055395274967e2696faa81584b41a	18529	other	/usr/share/harbour-thakir/qml/pages/AlertSettingsPage.qml
6569c51ac1d21186cdcee8410978b7776512e44c93ace7c4072553f18937ecf6	20449	other	/usr/share/harbour-thakir/qml/pages/AppearancePage.qml
d9b1efaa922154687e697706423cffb084b874de3ef3988a1ed05a306231ca91	25957	other	/usr/share/harbour-thakir/qml/pages/Athkar.qml
192d1666b0c3b0c70756ae941bf966baeaf8ceaff38073cd7f896c23695bf319	5997	other	/usr/share/harbour-thakir/qml/pages/CityMapPage.qml
d4d254e45922887cb8695223026570b5d033b6783bb367aadc7fff573bb80f86	4677	other	/usr/share/harbour-thakir/qml/pages/CitySearchPage.qml
0e94005035f0503fd5ac0dc6798006c434957c4bdb2127d08a722b50fb8a5cd4	4782	other	/usr/share/harbour-thakir/qml/pages/FavoritesPage.qml
59fc188b710fa0938b52e2e6d301b6976c0977ccb39f2bee449b23e96d7e9983	21789	other	/usr/share/harbour-thakir/qml/pages/Images/Doaa.png
5727f0dcb3adacbb2eae6bc4749bf3d2f5799067c894429090a921c7deebba1d	2371	other	/usr/share/harbour-thakir/qml/pages/Images/Doaa_orig.png
0d378737ffc33301d53643a28446b709e78ced490c3822290273b4d304312d1f	1892	other	/usr/share/harbour-thakir/qml/pages/Images/Quran-icon.png
f9316c797da8d8b27bbaf55a4ca19a305a38e945f3395f38ac1829815dcd054c	9718	other	/usr/share/harbour-thakir/qml/pages/Images/Quran.png
988cdaef54acc39e6ce2afa6522f7044c884b62cad6def1a6a265d7e74c1f455	929	other	/usr/share/harbour-thakir/qml/pages/Images/kaaba.svg
3d557ebddfc48b83bcd2759e9ec2a379b7dbdbb33c3ce27a9d79e695924526ae	1273	other	/usr/share/harbour-thakir/qml/pages/Images/ox16-app-kaaba-icon.png
40c210e2dc37c92e008724d7f63d938bb90b94f06f4d3cb68bb4f569248fc834	676	other	/usr/share/harbour-thakir/qml/pages/Images/ox16-app-kaaba-icon_orig.png
76467d17ce188d74f5b8762d399411741a394f409a097926939020d9162c5473	3313	other	/usr/share/harbour-thakir/qml/pages/IslamicEventPage.qml
b3e1e86bd6eac0a0a4966e85d0cfc597d18c225ca9061b6683bd167f5503481c	10852	other	/usr/share/harbour-thakir/qml/pages/LocationSettingsPage.qml
b98aa2f651fc18c42543ca137d357adb88b3f81d96145c9918c12024add8e8f4	68492	other	/usr/share/harbour-thakir/qml/pages/MainPage.qml
32a34f65efe26225015377ae1529c6db1699d31c3eee254b5ed7b43002a92855	54944	other	/usr/share/harbour-thakir/qml/pages/QiblaPage.qml
e8d33e66375de827a448f0b81fdac7adcb11bafdaa7afcbb8367c9ed1d681d6b	20847	other	/usr/share/harbour-thakir/qml/pages/QuranDownloadPage.qml
d8e96d8ed898de27f710d42705b92a4be15fcf928b36a8eb8228bbade1a3e226	83380	other	/usr/share/harbour-thakir/qml/pages/QuranIndexPage.qml
c9b692ebc19c087a4332fa6822515026b56ed6f32795254ac36e83467415c14d	16231	other	/usr/share/harbour-thakir/qml/pages/QuranListeningStatsPage.qml
41ab298e98801fed000a58fab1e4e0066f469a5427747572095ff7a442dda368	118067	other	/usr/share/harbour-thakir/qml/pages/QuranReaderPage.qml
5d4d404d7424f44d8d3f8596989da518d175a78884635aa5902b7cb98a437e32	34635	other	/usr/share/harbour-thakir/qml/pages/QuranSearchStatsPage.qml
b65b4fdc40075cebe5127ced88fbcfafcbba7c52384dda131fc4b736ee2da2ce	25429	other	/usr/share/harbour-thakir/qml/pages/QuranTafsirPage.qml
f7b07be86165db8b3783fe1868b334b2411073fc976af42003172f63243db238	713	other	/usr/share/harbour-thakir/qml/pages/SaveFavoriteDialog.qml
bfbc907750c8766f781abaae7a30ddaba354a8ab598d4b81679604d9afd186c5	4336	other	/usr/share/harbour-thakir/qml/pages/SettingsPage.qml
98e85ecdaf67a08838952d6e1c796302bb07d365e5832a848a7eee33eee83f6d	9047	other	/usr/share/harbour-thakir/qml/pages/SilentModeSettingsPage.qml
68230b3bb2e2112ecf8dd04b13301fc47459718bd664133d8861ded66ecaa871	3215	other	/usr/share/harbour-thakir/qml/pages/StopPage.qml
f3254240860147d237db9a1257087e8ffe838232d96dc6e2b64b21439ab09092	7369	other	/usr/share/harbour-thakir/qml/pages/TextModeDisclaimerDialog.qml
74e7639ddd91a5ab7c99a54ec8d48fb866d907583188242203bf7bc4d68a23ca	7424	other	/usr/share/harbour-thakir/qml/pages/TimeAdjustmentsPage.qml
3ce3ce87c832e63bea875f57ea6881d111b9ae2e747ff10e07e531f47f7e8b9e	185393	other	/usr/share/harbour-thakir/quran_svg/hafs/raw_1.svg
7cdca7421000e333f4d98d2229e61de0185e23a9be4b6641901d9ad6b14fd5fa	223441	other	/usr/share/harbour-thakir/quran_svg/hafs/raw_2.svg
6dc72ac97deb8b4f09a3b9f2e18ca85efeb96f2f6703861ffc54825894ab7633	585451	other	/usr/share/harbour-thakir/quran_svg/hafs/raw_3.svg
0e23bc77c52d7688d7378fe9109fc597e246b37132bd8e3da577a519a820cfdb	590473	other	/usr/share/harbour-thakir/quran_svg/hafs/raw_4.svg
859c5db6f32a1943b89076600a9a8780f9c08ff63648f940ed3ff5056fa5979b	524502	other	/usr/share/harbour-thakir/quran_svg/hafs/raw_5.svg
4ff1fb094798339b19ce80ac7b3aeac8e1e7cba1fc119c8d7b3372ef449ec5f3	168888	other	/usr/share/harbour-thakir/quran_svg/warsh/raw_1.svg
82073c4cd5504d23a3c3b4db7b1145af6b4867fb721febab90ef482a35e67e4f	191355	other	/usr/share/harbour-thakir/quran_svg/warsh/raw_2.svg
628583698aa1be83e7c413546e4c551a5f92ece02ac66b10b528927f3f146376	543167	other	/usr/share/harbour-thakir/quran_svg/warsh/raw_3.svg
5e2bf49798e14f1b195d07654c28df80916c9f49fd18ca4ff18283754dc9ef77	545707	other	/usr/share/harbour-thakir/quran_svg/warsh/raw_4.svg
7d8a00281168dbe414c550d2a7ba139bd3a5746d9fc2342b7125ccd52ce56843	483412	other	/usr/share/harbour-thakir/quran_svg/warsh/raw_5.svg
781b4a117c8d2036de8dab4608ce024b4c55321a2df68c2ed2966471a325e2de	87599	other	/usr/share/harbour-thakir/sounds/Athkar/1_1.ogg
82f2692edd7c4b0a8d6c15b6f134ab69a8a518ceaed6e42b00f59bc3d7ad0255	100509	other	/usr/share/harbour-thakir/sounds/Athkar/1_10.ogg
d99bbdde3dcc69e7fe75f99b6a6b12d669178753e9de85bda8c18d970e5df526	220670	other	/usr/share/harbour-thakir/sounds/Athkar/1_13.ogg
eb9d443bb11302ab788b6f78f44ab79872e3308a01cf99534bba9294f4604d7c	56634	other	/usr/share/harbour-thakir/sounds/Athkar/1_14.ogg
b9aa9b5e3b261afa75a8ac354482d6a699a02e7bbbecb392ccaa670149110242	54687	other	/usr/share/harbour-thakir/sounds/Athkar/1_17.ogg
9ab5a83fafd608b1fb8000985885c6238f3536e1f315ad6e28a4ec2bf2e5fa20	265005	other	/usr/share/harbour-thakir/sounds/Athkar/1_18.ogg
8c4efe5f6cbb17701c21d46b6c9d1f90ac68856972d069a904a3119967c4d6fc	66198	other	/usr/share/harbour-thakir/sounds/Athkar/1_19.ogg
ed7699c57ec19deca473e177dd49ec2a7d68711e2b930e04343771dbed3bfc21	38199	other	/usr/share/harbour-thakir/sounds/Athkar/1_2.ogg
9bfc59de704107f9d7ef1d3bf47589dfc4f221bee882cb4e4da7b0c992a2dd07	149744	other	/usr/share/harbour-thakir/sounds/Athkar/1_3.ogg
1ca0dc6328eccef581a77fc78142ee9050ad24d1fde78fac20d2eb72d5d8968f	35240	other	/usr/share/harbour-thakir/sounds/Athkar/1_4.ogg
c6ff0cf839568b2651d6e416791fc9ec8d9731b4f22cc19532a4e3d5d2b14d54	62253	other	/usr/share/harbour-thakir/sounds/Athkar/1_6.ogg
c6f018c66521f2734650c8b69a27dc5e80209cb8be198ccddb36b8a3ec37a510	101865	other	/usr/share/harbour-thakir/sounds/Athkar/1_8.ogg
283a7156ef3bd5c4339a536c9cf8feb2ecef42e484842bfbc63f6becc367606f	45691	other	/usr/share/harbour-thakir/sounds/Athkar/2_1.ogg
a67a3080145b9fb694c14c18739db43fed75a08a731e72ae4afdf6293a21a937	37559	other	/usr/share/harbour-thakir/sounds/Athkar/2_15.ogg
2787fc874e442c4d529454a0931c0a79560e23fe81f79d00c1601b2a674706e3	209308	other	/usr/share/harbour-thakir/sounds/Athkar/2_2.ogg
92f0ae7926dc2fae4041bef0167e0fb0af5f08c989185190d4a3b6ecff4de3f8	51581	other	/usr/share/harbour-thakir/sounds/Athkar/2_4.ogg
dab8547b6e28e71b52547444b65f1d8303cfbc2b0ea776aae9bcb5a12ca8c749	61182	other	/usr/share/harbour-thakir/sounds/Athkar/3_1.ogg
7ffe940800dc1954ecd6b1c880fbcb9a059b8a33f4ce23e0a098604ac2e11012	50547	other	/usr/share/harbour-thakir/sounds/Athkar/3_2.ogg
30aac637a29b6392cd0d04da7d115a0243b45875680ef0d7e90f290b7c913d47	153148	other	/usr/share/harbour-thakir/sounds/Athkar/5_1.ogg
451da7cb95290eba51f48e28451e9a732fb0724fcede8389823df28c987a0ee7	5080	other	/usr/share/harbour-thakir/sounds/Beep.ogg
f2d349039a54cf67cb00c9a8cf5822e3f8d26777e7d573ea26b75d71afb46d05	626511	other	/usr/share/harbour-thakir/sounds/Fajr.ogg
cfd187e3e48608ef5f8682c0621157386aee092a87224b16331d2271eef65d7e	490521	other	/usr/share/harbour-thakir/sounds/adhan_Maddina.ogg
09d2b3c68a62a43ea4f1821dbb15dc1251f5da0f78a17609a17ff9deb01d3be5	553746	other	/usr/share/harbour-thakir/sounds/adhan_Makka.ogg
6599955198e5dbdd10529fbf107361acd319e1b9118754f16c462bfd335391ce	55412	other	/usr/share/harbour-thakir/sounds/adhan_court.ogg
37b5808527f42f8d250ad10f16712a51ecde6a5cadf2fec807a35fad4555f09e	6000	other	/usr/share/harbour-thakir/sounds/bip.ogg
1d08eda328af93a539323c80f3132516f2ca22c8bd9b553acb82e9afd66baf2f	45466	other	/usr/share/harbour-thakir/translations/harbour-thakir-ar.qm
960bb2410dc66b49ad4557cb7940ff0864ae90d308b6b50767bbcae0c2fbd6be	49009	other	/usr/share/harbour-thakir/translations/harbour-thakir-fr.qm
4597c422ac6e116884ddf36bedab468df1ad1d48014d2708853a3bcd80e40d71	44690	other	/usr/share/harbour-thakir/translations/harbour-thakir-tr.qm
c1c78d2e22c14c1409a5d62fa20b79838b98cbdd06c4fdede53757d5bf7c1486	5939	other	/usr/share/icons/hicolor/108x108/apps/harbour-thakir.png
9dc6e4c3dfaf93fd1fd053b0323a415502cccb3cfd1c60b27a97184b0709a190	7061	other	/usr/share/icons/hicolor/128x128/apps/harbour-thakir.png
8b21f7f2666a6a3de7dd3ad5280fec418323678c9e405808382f278aa5ef8f52	10079	other	/usr/share/icons/hicolor/172x172/apps/harbour-thakir.png
15b6c4bf6a1fde28f895c4f5e65ea7daf04dfdb9484b23876a52b25134f3448f	4660	other	/usr/share/icons/hicolor/86x86/apps/harbour-thakir.png
