d994dbb8f79fc16e753e1ad1b101c5c2ed3ba737c1affe59634fe7f878068157	901	other	/etc/sailjail/permissions/harbour-helmsman.profile
794f2088f555d4004a659951b84cb1fbd7b96700ae9b296dc502e5770f7062d1	2675404	elf	/usr/bin/harbour-helmsman
124cbc33e9f176fe1a1b4c212b44c3e31a56910dc1448445a1d0b4ff2178568e	423	other	/usr/share/applications/harbour-helmsman.desktop
974a7105845e1394ac65cd4d00e2e06a55bd4e67199ccf0ee689f71724b86fe2	65086	other	/usr/share/harbour-helmsman/eventsview/HelmsmanEventsWidget.qml
246b6f629659ef14d62951f49874ade7b577ef969508dbfd45c24355952ce717	2051	other	/usr/share/harbour-helmsman/eventsview/i18n.js
8c327cd36cf0e6e60af8f9ad2efda7c9140854d45d6ffeee448391605d3f4afd	1741	other	/usr/share/harbour-helmsman/qml/components/ActionConfirmDialog.qml
cfc5187ff4e3b030bffeb1f055a614df3b5f2469041df019db99c32804d9b56d	4099	other	/usr/share/harbour-helmsman/qml/components/BatteryMonitor.qml
fc7707e80021e272b336830896b452f9f1de1021614f1d57801061b9b0ee1c8a	8892	other	/usr/share/harbour-helmsman/qml/components/LocationReporter.qml
8047e4416d54fdfe276d17f4b6daa87338c7376257661628c1f1a08835efa0d0	2521	other	/usr/share/harbour-helmsman/qml/components/WifiChecker.qml
df9f1844048eb27e1263835df114fb63457b7ad469084620376aa35486101fff	24214	other	/usr/share/harbour-helmsman/qml/cover/CoverPage.qml
e853b43f3d890750451aebc59800bbc542a7e8ff9dc4b65495589a93c0b5bb4f	405	other	/usr/share/harbour-helmsman/qml/cover/icon-cover-settings.png
dc28fa81b55f803ac857f1377c3361af4d4af07dc7c89923deda01274f72b978	3931	other	/usr/share/harbour-helmsman/qml/dashboard/BadgeChip.qml
c58f715cbb91ce7ca8065ff14be2092376218736bd9748356c80c3f5ea6efee4	4742	other	/usr/share/harbour-helmsman/qml/dashboard/CameraStreamPlayer.qml
82a22be9346759d737bb717ad3e01f23ee9c8694010da27c8191c1efbdf91750	4988	other	/usr/share/harbour-helmsman/qml/dashboard/CardChrome.qml
2067117cf503a597390727b0558c227afb03a8f5948e7ed047f9a5f485f97bf9	4251	other	/usr/share/harbour-helmsman/qml/dashboard/CardFlow.qml
af9d2ae666a511fd651af79058e4c986bda7cbd0f1e5f439513481a9d7e925a3	5028	other	/usr/share/harbour-helmsman/qml/dashboard/CardHeaderFooter.qml
acbf14b17a373113a58df2ccf748e4298cef93bbc44b593c8996b6b8ba31ac83	7270	other	/usr/share/harbour-helmsman/qml/dashboard/CardLoader.qml
e292b7f06cf77711a358af928744de715d97f8a1f590334285bae2de5c7c1a66	18892	other	/usr/share/harbour-helmsman/qml/dashboard/EntityMap.qml
af45268f510e49553ea01240702a61ab8520eba6e492b1bc10030b488b112e65	13267	other	/usr/share/harbour-helmsman/qml/dashboard/HistoryChart.qml
6b5a031d527dc3abca258d79b0197cff0bc6cec7bbdac84ed57d68857ab7d40f	1568	other	/usr/share/harbour-helmsman/qml/dashboard/HistoryGraph.qml
1520fd2a15acac54b9c2a48ed0955fa3de7c5efc981e6811cd596e17461cc91d	169	other	/usr/share/harbour-helmsman/qml/dashboard/MasonryLayout.qml
11c6e4f65fd0f2fc750dd64f1d7f918bea64a7c4b7c5dd37de901b2976707ab9	860	other	/usr/share/harbour-helmsman/qml/dashboard/MdiIcon.qml
b360957b4a7b045609d341b9ab763f0e2eeae50ffe6966e127eb62ca419a641a	2182	other	/usr/share/harbour-helmsman/qml/dashboard/ModeChips.qml
cf88ff093bc712f36273d1de2f6d36b05e0739a91e20d212ee46a3214e5c4c94	873	other	/usr/share/harbour-helmsman/qml/dashboard/PanelLayout.qml
d02c6284047bbc71409e4c2fb1b65276263bc1cbeb91d26dcfc1184b90247deb	672	other	/usr/share/harbour-helmsman/qml/dashboard/PendingIndicator.qml
26e7283122a85780c536fa09f6797514e6a5218173ebb14446f18f4c818bbe8b	408	other	/usr/share/harbour-helmsman/qml/dashboard/PictureFilter.qml
eb579fdce156f13ba5691d8266b92da43473788fa67c7434f2dc885e9327ce8c	7310	other	/usr/share/harbour-helmsman/qml/dashboard/RoundedImage.qml
da566f08d5f1f89fab15fe06b338f900506a95ddeea48388b0ec7975c08fc28e	1168	other	/usr/share/harbour-helmsman/qml/dashboard/SectionsLayout.qml
243749934398f4494fad5049296330ee376fb8139ac6919166957104253ee885	495	other	/usr/share/harbour-helmsman/qml/dashboard/SidebarLayout.qml
206dac4780dbb0f68d10319daca71551b8019a3034666dff0f6443018b2e4f6d	1319	other	/usr/share/harbour-helmsman/qml/dashboard/cards/AlarmCard.qml
5bfe989a03771f4308b0b08e84f6083b9d73dbafdce3e95b2ad90558516878ba	14443	other	/usr/share/harbour-helmsman/qml/dashboard/cards/ApexChartsCard.qml
4ac364d7e71338843865cd6a411b2d02eb6e84fea78638531d6e1343e74648e7	958	other	/usr/share/harbour-helmsman/qml/dashboard/cards/AreaCard.qml
3889ef32b7a680794a69d9e246c642437244d9f6f6d9350df11ab8fccdfaa42a	1142	other	/usr/share/harbour-helmsman/qml/dashboard/cards/ButtonCard.qml
ec61ef779edb873381551ec94097a78eb858ab50ec672ecc38befb3d85caa782	2404	other	/usr/share/harbour-helmsman/qml/dashboard/cards/CalendarCard.qml
df505bf7309d0a1754060748efd204d0abd9497c304f7650bdf56b3d46a8c1c0	805	other	/usr/share/harbour-helmsman/qml/dashboard/cards/ClockCard.qml
982649daa22db9bd7cd44bd9a16778a186e58d5e90ea1527851ee4e6e5c00653	757	other	/usr/share/harbour-helmsman/qml/dashboard/cards/ConditionalCard.qml
cdf492ae0e7cb0907e672bb574422244c5679729c7d026aa66aae2a16dff00f5	14200	other	/usr/share/harbour-helmsman/qml/dashboard/cards/CustomCalendarCard.qml
5dd2fb8c35aa60643b91e01732075cb6f16c54656f778e38561dbdf0f50babf1	731	other	/usr/share/harbour-helmsman/qml/dashboard/cards/EnergyCard.qml
a8b86107493b663568b59dc1ed8b4a46256a2c6ab6818a1647101296fcf29921	13342	other	/usr/share/harbour-helmsman/qml/dashboard/cards/EntitiesCard.qml
e6b76901cce78eacdb75a72a436ebe22000437fb30fd6e802e804a4714c9bc63	1028	other	/usr/share/harbour-helmsman/qml/dashboard/cards/EntityCard.qml
7d3b2959e399d9767b79e31b9f527282417e5e4ff1dec559394acaf6b4a0cb06	2688	other	/usr/share/harbour-helmsman/qml/dashboard/cards/EntityFilterCard.qml
29c42460cf36ce2153f4b9c33219949f716ccd7c53d5d5fbc9e3caed8205b94c	953	other	/usr/share/harbour-helmsman/qml/dashboard/cards/FallbackCard.qml
591f3b3589b810f0c8e7c056b21ba8412f5b53c8c73fb61dac393e0ebbb2ca06	1686	other	/usr/share/harbour-helmsman/qml/dashboard/cards/GaugeCard.qml
f037043728f3f73dfb6a8cb87ef66b8a2a4f1416c5d3c8390fa47197b020410c	7236	other	/usr/share/harbour-helmsman/qml/dashboard/cards/GlanceCard.qml
d98634f45e3d315100bf3c952913bac6bcb9b28f3809b1492a43c9101f9de4f6	333	other	/usr/share/harbour-helmsman/qml/dashboard/cards/GridCard.qml
673e034e0b2fd2fa66d29d731d4520b9057983efa9e33f0785f7af0b8c18bb22	959	other	/usr/share/harbour-helmsman/qml/dashboard/cards/HeadingCard.qml
3e773e0d3f562b81715b8c3275a0df8b6a204ddd31acf6189dbd84060fd6b327	3924	other	/usr/share/harbour-helmsman/qml/dashboard/cards/HistoryGraphCard.qml
316cd8ff192a7c8b620d76a411b5916ee317cd5bd9a9327d2b345db86f395515	507	other	/usr/share/harbour-helmsman/qml/dashboard/cards/HorizontalStackCard.qml
471316cf9273f76c6173f8b7f34b8b020aeb64052ee387e4b5dd5fd9a7584848	1216	other	/usr/share/harbour-helmsman/qml/dashboard/cards/HumidifierCard.qml
bc5a567a3002ecac95942947ebfbd5c7355d55ed798f822eb9aea5ec61a3e424	1586	other	/usr/share/harbour-helmsman/qml/dashboard/cards/LightCard.qml
eab3e02dfbd65298580c71a0c1bd7b87105a9f1eeebb1e10d246db071cf6a265	422	other	/usr/share/harbour-helmsman/qml/dashboard/cards/LogbookCard.qml
09db770921e288e830c4eb6b3391c940bab31dff312ba5589f9cde1de7c72ffd	3248	other	/usr/share/harbour-helmsman/qml/dashboard/cards/MapCard.qml
a049f369bf58ac600b2eb9d7b88ca11b188e16630ab18a2302caa4ff5bb38faa	1099	other	/usr/share/harbour-helmsman/qml/dashboard/cards/MarkdownCard.qml
ea1265b49f04b882083af22ed72d3e2c8e0cc17e3a4831c5d268516a79123c2a	2629	other	/usr/share/harbour-helmsman/qml/dashboard/cards/MediaCard.qml
b9caf302eab9eb68ab8ef9e3a57fe88a020e05a05a6c24552ca7fc5e3f00c43c	7055	other	/usr/share/harbour-helmsman/qml/dashboard/cards/PersonStatusCard.qml
cb74364941dd023bcbd2018410e21a7d4ed4a53c741d940623c533ace44a0099	2635	other	/usr/share/harbour-helmsman/qml/dashboard/cards/PictureCard.qml
f8f3b0dd894f4a8f59cbd2f88a9c295401b151c607790a8457bd5574993a93c9	22111	other	/usr/share/harbour-helmsman/qml/dashboard/cards/PictureElementsCard.qml
ba56952108ffe12423ea2f5991dc5afb8710c715f070e9f219023757e1042881	10071	other	/usr/share/harbour-helmsman/qml/dashboard/cards/PictureEntityCard.qml
9afd870aa6ffd3e038228b791d919f6b6a83ebea5971d577c3b10bbeaeb916bd	2779	other	/usr/share/harbour-helmsman/qml/dashboard/cards/PictureGlanceCard.qml
b834d990f94c72e7002a476694bf86727b724eb82ba11d657e05266920874cf7	1084	other	/usr/share/harbour-helmsman/qml/dashboard/cards/PlantCard.qml
a719bb88b5a7f6376cb69327ef953e60842d9d7f2eedae99fbc27344063c38bf	830	other	/usr/share/harbour-helmsman/qml/dashboard/cards/SensorCard.qml
c5bd7a892d22eb6a181f8d6ca72f2f515ccb31a2eda7a525aeaf597eb33ec842	699	other	/usr/share/harbour-helmsman/qml/dashboard/cards/StatisticCard.qml
77b4e73ab19efeead37023ce2dbd6a83da0a869055e423bd178c3a19a80b5a3c	5361	other	/usr/share/harbour-helmsman/qml/dashboard/cards/ThermostatCard.qml
f8cea5d147412650dafdc50f114e06778aded38b09b3e8ec5572d8ec3f418f2a	3195	other	/usr/share/harbour-helmsman/qml/dashboard/cards/TileCard.qml
4246c8f3b30ab05f5954e07c31c28c5f1d8084af774989fe2eb0b6c6f84966e9	11880	other	/usr/share/harbour-helmsman/qml/dashboard/cards/TodoCard.qml
4826a42cf8ff46106bd1c90d6748d1033bdda2f77533b5dba6938808d2d17499	655	other	/usr/share/harbour-helmsman/qml/dashboard/cards/VerticalStackCard.qml
53124f23cef00342e1fb5e0adc2acc33089638bbb7ac719e8e728aa1df5d0e38	1624	other	/usr/share/harbour-helmsman/qml/dashboard/cards/WeatherCard.qml
5e743d26238a382b2eeff16b0fcdaddc661801f1b435babcbb38826547028396	748	other	/usr/share/harbour-helmsman/qml/dashboard/cards/WebpageCard.qml
a650ef5081144c2ab5af34159a63c3fe41c7da0dafba41a74380098c34864639	18325	other	/usr/share/harbour-helmsman/qml/dashboard/features/FeatureBar.qml
d6e48d9a5afe26419bb8069982b3e5b0c7e63d9719211ef4fb8f7c487cf7c807	14620	other	/usr/share/harbour-helmsman/qml/eventsview/EventsViewWidget.qml
6f2318c2354f8b7a05e096b24d94774b5331e59f573d2c7015d8c632a6db438e	23881	other	/usr/share/harbour-helmsman/qml/harbour-homeassistant.qml
83ad938a17eb6a5075f304c391445b6e0f5b30df68d1e0a659116f806865930f	6491	other	/usr/share/harbour-helmsman/qml/pages/AtlanticDashboardWebView.qml
e02b3587952536a5fb2b73abaf41c3fc57a221a64063bf842f273233431bec58	6303	other	/usr/share/harbour-helmsman/qml/pages/ConnectionPage.qml
07ed79a0fc4d0e22dabdd403b4e34a4c214559d45365bf2e8be10c014986650c	5498	other	/usr/share/harbour-helmsman/qml/pages/DashboardSwitchPage.qml
3d0a859bc35ce53a914b8897bde72118e71415fd89cb41ce2e9630c0a79729b9	13593	other	/usr/share/harbour-helmsman/qml/pages/EventsViewSettingsPage.qml
0747c7a3efe91c9468bf4b25357885447a7df7c491f8d19348beb1ea0726c59b	4799	other	/usr/share/harbour-helmsman/qml/pages/FirstPage.qml
ed2ecfe787566922d1c49454e657ea21b3d42d0e35d5262dc48608b278294a09	65053	other	/usr/share/harbour-helmsman/qml/pages/HassWebViewPage.qml
c602b62376a545b86e78b2b47e88e00b318deb1beedc01270680d2cb3fbc9e6d	11009	other	/usr/share/harbour-helmsman/qml/pages/HistoryTimelinePage.qml
da4764e0117c86110e38cce27b8f1bb2afe3a4a65fb4d0710c161ebe58ef886a	4270	other	/usr/share/harbour-helmsman/qml/pages/LanguagePickerPage.qml
64fe44050d11dc186b1f3141f4324e570846657820fd691c1d93ac6f8147fc4b	3334	other	/usr/share/harbour-helmsman/qml/pages/LoginPage.qml
0b0b474d0624720d7f9c9062e39bf9dd4ca74b001e4dd7752fcb146f14cb952d	41544	other	/usr/share/harbour-helmsman/qml/pages/MoreInfoPage.qml
f355c227f11aad6d6d36c40dae1e0bfea5883e80ccaf0ed47bcfc0105819c0e8	28085	other	/usr/share/harbour-helmsman/qml/pages/NativeHomePage.qml
d1cad76ca0700739c036c8525913f09a06990968573d6435e680ace434a52315	67	other	/usr/share/harbour-helmsman/qml/pages/Next153DashboardWebView.qml
a699b12f5c929861e3232c6933179bff8ab94b2e0e5b2b2518c422661107ac9c	2790	other	/usr/share/harbour-helmsman/qml/pages/OtpPage.qml
c8312aed8c89abd4d08ed33425ef256d7ed1fd388c0eda335f78d6cd072983f8	34183	other	/usr/share/harbour-helmsman/qml/pages/SettingsPage.qml
9912f2852ace59657a4e64b27bff20589366e4f42f436f842e74a8e481a367c4	60	other	/usr/share/harbour-helmsman/qml/pages/StockDashboardWebView.qml
fa5cf68388ca05f7a20acc13b59da14588f3a12ac796ee41573c3905a7f4f350	14827	other	/usr/share/harbour-helmsman/translations/bg.json
2b23d47b21d604d2e63291e6f3a94f6907989fde8f125a9be574cba653e066af	10775	other	/usr/share/harbour-helmsman/translations/cs.json
4960cc33bbb59a149d2aba8e3bc2b48386225d03cfb9bcdc1edb5c70767dbd9a	10457	other	/usr/share/harbour-helmsman/translations/da.json
7b217fe5f09aac1b788243e57711fff72df043ee5c456c3eba44766ece71b92f	11393	other	/usr/share/harbour-helmsman/translations/de.json
e17f0951aa48772c943238f6735e0408b3f56c90e8d6da9bcf0dcdf17a6a032b	15560	other	/usr/share/harbour-helmsman/translations/el.json
a8413a9b996b9415d616510fe987f6576832af2ded7f4312dc5e14cccec6ca5f	9992	other	/usr/share/harbour-helmsman/translations/en.json
518ec6633ea739081ad15155a88959034c333621176bffae0397e1d0dfb2ee07	10932	other	/usr/share/harbour-helmsman/translations/es.json
d73b88570443e1fb827013ee0feb9d150a504873e8d2c4893dc84a186be5271c	10447	other	/usr/share/harbour-helmsman/translations/et.json
3454713dd777d0069e205e31e32757a61d5d369601d651f57a4925d14013c41a	11079	other	/usr/share/harbour-helmsman/translations/fi.json
58499cc2d2259bbb4fae113ecffb9fe07728717d388d0de4c22e2058bdd482bb	11643	other	/usr/share/harbour-helmsman/translations/fr.json
efda900e7052ce5757bdaa8f7b6dba953b8d1a4c42d10633037a040f07d17533	11245	other	/usr/share/harbour-helmsman/translations/hu.json
ce4d48580cd5893ce32a870d05cc27286e716a1adb1deba17c2b92dc86d3a0c9	10844	other	/usr/share/harbour-helmsman/translations/it.json
42e8d95e1b5010bdc997bc4b1c82c832d244651ac5d0946fd31f16ef752313a2	11971	other	/usr/share/harbour-helmsman/translations/ja.json
7e4f41ac6154b9f560d081843997448d072742aba4867a5e4bdb925ec53cfdcb	10805	other	/usr/share/harbour-helmsman/translations/ko.json
e65f6344f7aa2e332d67628299ddfbed9010afd3824e10577d30015c6d9995f3	10727	other	/usr/share/harbour-helmsman/translations/lt.json
1759d656c69cfbe309ee67f550d2c3738bd484ae16181d9baea1a074242b4aae	10886	other	/usr/share/harbour-helmsman/translations/lv.json
57f732ff20b54c04b7a8abc622f6fb7474987341ee58bff0be69216a13e558a9	10247	other	/usr/share/harbour-helmsman/translations/nb.json
ceff8edbc4555e41f6077d6459621cd686a86c3b919a4c21fa1296ac3a174968	10681	other	/usr/share/harbour-helmsman/translations/nl.json
3450e43ed88e7b95cc5ce075ad465efafa526d3d7850703fd050c73c689df45d	10966	other	/usr/share/harbour-helmsman/translations/pl.json
caf5a5406e3dbe1a79a49a2999bbf5a68ae15ca4e439c2f22368c4e387f721ff	10944	other	/usr/share/harbour-helmsman/translations/pt.json
934a26f6bd68f5e6174c8271f673ac2ec3940c08922db0562b4dde9c199d2212	10828	other	/usr/share/harbour-helmsman/translations/pt_BR.json
38218be8399d7b8a0430f308e9165e402478cc25c621f317c56514ce86aabbd5	10947	other	/usr/share/harbour-helmsman/translations/ro.json
7a8d18406ccd5ebc235f7cda40f665924d72dd29dee28a0f758d80d1e2b6caec	14966	other	/usr/share/harbour-helmsman/translations/ru.json
4f3a2af0ca6c66e7024837c7c8fce871100409779c919a984814ad444cda7d54	10877	other	/usr/share/harbour-helmsman/translations/sk.json
c0294a6642d21cb2ce9f38f07276e51b65931670f67b8950e000889de2b00e7f	10628	other	/usr/share/harbour-helmsman/translations/sl.json
784f6723f92473dfafc91169eea7f09454224a169500eca4752444c9db9998b3	10654	other	/usr/share/harbour-helmsman/translations/sv.json
196eb549c77e0a871e00c8e1b26d7d6198f349fb4716a6df7257d7e6bc665494	13933	other	/usr/share/harbour-helmsman/translations/tr.json
e7323cdf0345cdee04d6dc7937128e2819502ce95c1379c2a12c2bc78f11338b	14397	other	/usr/share/harbour-helmsman/translations/uk.json
8df18e44477c05ca638fdaf75b362bc6681667e693702942a61164a5e0a7ae69	9727	other	/usr/share/harbour-helmsman/translations/zh_CN.json
0a2a7ffe27a872842f423e26f8d012eb49826932f52d82c91c023a5cbaf22f47	9871	other	/usr/share/harbour-helmsman/translations/zh_HK.json
e3783504edfabc79b772544c150e1228a73a43ceadfd0e749228177756f95f5f	9871	other	/usr/share/harbour-helmsman/translations/zh_TW.json
60633f0e000bbd4b06e9d84e7b3fc125d6d6e0bb451a3a2c8eb85727cb049abd	3131	other	/usr/share/icons/hicolor/108x108/apps/harbour-helmsman.png
fe8023c5b0f0658868a2e0257cb154609009ebbf8cfb657595e97bf01c42a03b	3721	other	/usr/share/icons/hicolor/128x128/apps/harbour-helmsman.png
11d290ffd0ca38108dee3b0c9a5b84c53dafaebf3c5b7941939671bcc3a5d93f	4952	other	/usr/share/icons/hicolor/172x172/apps/harbour-helmsman.png
925c49a27ccca3a1e0c22769db735d506f247bb73e83161d8bd52d6166b999a2	2487	other	/usr/share/icons/hicolor/86x86/apps/harbour-helmsman.png
ed05ccec9376fdf8d20712c5a3b3b8f6d1b86d017276daf3adaf90ac3d378d75	527	other	/usr/share/lipstick/eventswidgets/harbour-helmsman.json
0d2fb54ed06d058b444df1886334ffaef56c86074674eba3010c91dd035e354b	334	other	/usr/share/translations/harbour-helmsman_eng_en.qm
