dcde5d91d5049f59d1b4500dfdcc6d22c46cf3ad8d4e857dd75f141ce5b04f2b	983	other	/etc/sailjail/permissions/Foghorn.permission
132325555d64c8a9a6b8130e81fd20aea91389a16de8f8181e20ac080e448d3c	1322	other	/etc/sailjail/permissions/UnifiedPush.permission
af9bd12629d0d9c9203c574e6047c77bfd9ef2836efd8491887c7e97f1e1db34	2081112	elf	/usr/bin/foghorn
27a5835b807dde852409c7a902a25d8b025c9a787b2d852437ef5cd8d4e580fb	10337560	elf	/usr/bin/foghornd
22ad63095c5d0a67cd032092a8fd06b25f051e052e808de6a74e595612641deb	524	other	/usr/lib/systemd/system/foghorn-appsupport-sync@.path
b4bb165582737ac1b374ef9a75bd3dac7ec7e3a45e51c745b2833ed110a0702a	166	other	/usr/lib/systemd/system/foghorn-appsupport-sync@.service
f57cfe9c93a8a5c72d20ed400e2c46365a2c0b1dc0953ed8e46f62941c80565b	306	other	/usr/lib/systemd/system/foghorn-appsupport@.service
aad7df58ffb9fe64576a8f1b413b76c9a1eed7beaed9558d464fe54d38a998ee	540	other	/usr/lib/systemd/user/foghornd.service
35e165a8f8ee6c703263fa52c8f69224d9591a7262c95486963a050e95a32f63	5537	script	/usr/libexec/foghorn-appsupport
7f055db972b0d77d366e8d6a6e238d6d3d52b816c92d918d0a9b766216caf340	313	other	/usr/share/applications/foghorn.desktop
16d8e259bd8a11ec1e3a5124c7db19ab8aac46de9d9f5a22ce824a24a1534ac4	255	other	/usr/share/dbus-1/services/org.unifiedpush.Distributor.Foghorn.service
cd5813370a48cc6df290a39d8af7d047111e5fef53c8fdca84086a9cbc91d0bd	124309	other	/usr/share/foghorn/appsupport/foghorn-appsupport.apk
f1bdd960d27d761d3ebe3294ed7895a975b5248cbfaf208eea4432ee0669edcc	1290	other	/usr/share/foghorn/appsupport/foghorn.sh
c2b95872962b04de9ec1ecef82035ee803f128c4b543bbd917e17cf7796ca2c2	117154	other	/usr/share/foghorn/images/foghorn.png
c8df05dd3232e782526ded45652c4572f08bff065e700a49841fe0a4dc2c937d	1155	other	/usr/share/foghorn/qml/components/ActivityChart.qml
47af7b12bc0c4f313f850564724054bf6925de48bb81a36ea2b4e0082f3857ed	7291	other	/usr/share/foghorn/qml/cover/CoverPage.qml
b48c6b3886e3243b1549f9c44a34e01b219bdffbedbf9da607318afad1f01f87	852	other	/usr/share/foghorn/qml/cover/CoverStatus.qml
47dbb03109d5893691b00f3276407d69b67e64ee7bf51d988056818499c530b3	813	other	/usr/share/foghorn/qml/foghorn.qml
a87d80f20d4ea9c44c00979ae5df6844f64ec25c1b7c2e9ac4c4469968310ad3	2615	other	/usr/share/foghorn/qml/pages/AboutPage.qml
2ab84c5ae7e11a62ebb11b98add4fe062a41704c6faf37ae621b733abb73e7dc	20931	other	/usr/share/foghorn/qml/pages/Daemon.qml
5f62c693abd98fd58349d7ef802f164e6a3812a660b0697ac9fce7390127d6df	3074	other	/usr/share/foghorn/qml/pages/DisableAndroidDialog.qml
85fbe0e1b7f2e3594103b08d2e66378028dcc1bb090a29fe8e112add73412887	1240	other	/usr/share/foghorn/qml/pages/InfoPanel.qml
12f704619f6bf69ea05caa14c26c2f7d2f2162f63b7403f2367557b7bca5d292	8889	other	/usr/share/foghorn/qml/pages/MainPage.qml
f5b7c715752b3dbd10d12011b484999e9f69e334663e74f8f904e1c587da24cc	4611	other	/usr/share/foghorn/qml/pages/MessagePage.qml
0fedf35081b0593283d2768fa2ec1d0adba4ddf6dc9a6e7d132ceae10c02c6be	10766	other	/usr/share/foghorn/qml/pages/RegistrationPage.qml
c23c9758528748e96ff49f5ad053bb2dd673d81c70673527e2fab5caadd666c3	7405	other	/usr/share/foghorn/qml/pages/ServicePage.qml
13276c970b451fa551f7d2c110a2edb21af15e89d2807dd173ed52fe5a472c3c	9577	other	/usr/share/foghorn/qml/pages/SettingsPage.qml
87510fdb703aee4d178e0735b446b6bcd4ebc8fe7ce269dabbcdfaa32167f52f	18935	other	/usr/share/icons/hicolor/128x128/apps/foghorn.png
