682d37ad3cb3d4e27303cd904a77f85e597c0f60e9f4156e733a13f6101e8e12	801	other	/etc/sailjail/permissions/Foghorn.permission
132325555d64c8a9a6b8130e81fd20aea91389a16de8f8181e20ac080e448d3c	1322	other	/etc/sailjail/permissions/UnifiedPush.permission
952dff07619352912bb92f728ad9dc2e92b70be77a37e65a9886c5f930ea984f	1815508	elf	/usr/bin/foghorn
3a6b0830c83a547e033644bcf63257feb8e5129e6a0e0128b5b4641bd37b159c	8695952	elf	/usr/bin/foghornd
aad7df58ffb9fe64576a8f1b413b76c9a1eed7beaed9558d464fe54d38a998ee	540	other	/usr/lib/systemd/user/foghornd.service
7f055db972b0d77d366e8d6a6e238d6d3d52b816c92d918d0a9b766216caf340	313	other	/usr/share/applications/foghorn.desktop
16d8e259bd8a11ec1e3a5124c7db19ab8aac46de9d9f5a22ce824a24a1534ac4	255	other	/usr/share/dbus-1/services/org.unifiedpush.Distributor.Foghorn.service
f902e497fb3b883ace9f292c328f52e84cbb8fd7bc717a6ab9b8e8898cae6083	151661	other	/usr/share/foghorn/images/foghorn.png
875fbf72ce09f00cf294cbb7506d5f78a0ff1c198665ea67631fc8ab67c658f4	8195	other	/usr/share/foghorn/qml/cover/CoverPage.qml
b48c6b3886e3243b1549f9c44a34e01b219bdffbedbf9da607318afad1f01f87	852	other	/usr/share/foghorn/qml/cover/CoverStatus.qml
47dbb03109d5893691b00f3276407d69b67e64ee7bf51d988056818499c530b3	813	other	/usr/share/foghorn/qml/foghorn.qml
a87d80f20d4ea9c44c00979ae5df6844f64ec25c1b7c2e9ac4c4469968310ad3	2615	other	/usr/share/foghorn/qml/pages/AboutPage.qml
0cb22ba927f517cc871b9fd9e60b4e4f58033665ddef6fe71b7e67bb5e163dc8	16718	other	/usr/share/foghorn/qml/pages/Daemon.qml
85fbe0e1b7f2e3594103b08d2e66378028dcc1bb090a29fe8e112add73412887	1240	other	/usr/share/foghorn/qml/pages/InfoPanel.qml
74bc709b214e2c2a31e5e66c1df03835fc4106fd31b019e19c2a43ccc1751d26	6568	other	/usr/share/foghorn/qml/pages/MainPage.qml
f5b7c715752b3dbd10d12011b484999e9f69e334663e74f8f904e1c587da24cc	4611	other	/usr/share/foghorn/qml/pages/MessagePage.qml
b4c0bf477d30883aef4755dc54f95443821789cf204b94ed6aaa486334561e36	8094	other	/usr/share/foghorn/qml/pages/RegistrationPage.qml
92537a7d0b491bdc32c2d095158d22f4c46ee37771423b48412e690ed498eb21	2750	other	/usr/share/foghorn/qml/pages/ServicePage.qml
7ab076a8ef657cbfaa345b12a45e60985310670844f3272c89cf743a1f195618	7903	other	/usr/share/foghorn/qml/pages/SettingsPage.qml
ff85057f8f142ad0b53fc71bb173b1ee5e54f8dcf1892587b74b450fa04a188f	25524	other	/usr/share/icons/hicolor/128x128/apps/foghorn.png
