8e56764bb810b327e4d58a3903a6e009eeea2b1db7c3cf75c4c20c4afca4cdac	375	other	/etc/sudoers.d/harbour-carhotspot
ece0c0e597f77f401cb0cc6696418d681ec4f9a6aff5e3043295d28a41faaf7f	256600	elf	/usr/bin/harbour-carhotspot
b1aeef8ef9b1395b52b2ed9d7f83e92ae9d91e5ccbb77f8ce46a4db42c333bf3	69316	elf	/usr/bin/harbour-carhotspot-helper
c285e1497fff68965d32eb609e78ae65b929f631c6049f22dc2e222fcf76071a	265	other	/usr/lib/systemd/user/harbour-carhotspot.service
5c5e09ba9f1fc2a297ab5cd85c95dd00d3e65deffaf563eb56c7cf1e640df035	476	other	/usr/share/applications/harbour-carhotspot.desktop
9c888a43df1123b8900713528cb293b701b05f918bcd9d84e59bba19e1c887bf	73	other	/usr/share/dbus-1/services/harbour.carhotspot.service
083ff823f1c21325708539f1757dc408235480d8187e48f5f424034b48f42be6	1436	other	/usr/share/harbour-carhotspot/qml/cover/CoverPage.qml
7a3066c3c9a1e6ccff5b91df726d818be103a69601915e66eaa78b9e678198c6	248	other	/usr/share/harbour-carhotspot/qml/harbour-carhotspot.qml
e36b1b4f94189f07c3e9cb08c5e963e6dc8e573f60622606ae45ec907cb15595	19364	other	/usr/share/harbour-carhotspot/qml/pages/MainPage.qml
d0c9259316e3d6b62575b4e4a6f6482d7e7caa0a6a6de99a2388109c2158f03f	4709	other	/usr/share/harbour-carhotspot/qml/pages/ToolsPage.qml
bab8f29b9cd93f7a788a93ac7a39be2c74d5b2ff220510eed2569cf6c3cb5450	11457	other	/usr/share/harbour-carhotspot/translations/harbour-carhotspot-ar.qm
cd3f7a5ea2ada8ca5f83fe1a889ceeb1e04d0dabe4916b10667f952864ea0717	12663	other	/usr/share/harbour-carhotspot/translations/harbour-carhotspot-bg.qm
22c99b4402705138cb70b463334f1eca9ed4994f9e959f23dfa3518e8a8dd42d	12512	other	/usr/share/harbour-carhotspot/translations/harbour-carhotspot-ca.qm
1084fc456d45f4ad1fd22fd619e2a47547e5fcf8f1d74634bade92a2b58878d4	11574	other	/usr/share/harbour-carhotspot/translations/harbour-carhotspot-cs.qm
d0ddd7d0b4c9c8df2a92318648b555f48d21676190c22e134b27fc79657fbb83	11568	other	/usr/share/harbour-carhotspot/translations/harbour-carhotspot-da.qm
a7e1f5be275fc8860b42f98adb08e6ce53d37ff9f6d5c4322ea01e148b586815	12046	other	/usr/share/harbour-carhotspot/translations/harbour-carhotspot-de.qm
3bd63a4feaf4987ed18c953aa4be8655bee3d9930d745c3c370db1c871012f40	12382	other	/usr/share/harbour-carhotspot/translations/harbour-carhotspot-el.qm
6cba3cc00febb928908a380b1afbc1b2944594d05f3883487d773841ea244739	11870	other	/usr/share/harbour-carhotspot/translations/harbour-carhotspot-en.qm
62a5370225e137f36e2f621d26f9f360188bff371563d3ef9e7033dec7d8bb89	12896	other	/usr/share/harbour-carhotspot/translations/harbour-carhotspot-es.qm
2605359389817a5aff51efc5fc868b0c8f851bf03e523edb6a0b00400c699dec	11808	other	/usr/share/harbour-carhotspot/translations/harbour-carhotspot-et.qm
79814e9d8b8d62399dba8837cfd562d3ac586e2ef2b366c11e07e08095576993	12088	other	/usr/share/harbour-carhotspot/translations/harbour-carhotspot-eu.qm
f54a8abf1813776d9913c3d5e9d57d4fbdbe2f4e9bfed82b3db285b724c05d2e	12206	other	/usr/share/harbour-carhotspot/translations/harbour-carhotspot-fi.qm
473489b9453364e4c156c52a3d3b78693929c4b9b8916a07c65dcc6160ed6738	12748	other	/usr/share/harbour-carhotspot/translations/harbour-carhotspot-fr.qm
7ef526d1da0b9e5f542f95e3e26c7c7e4fdf792d5c31eb314a8a0724b8482e51	12209	other	/usr/share/harbour-carhotspot/translations/harbour-carhotspot-hu.qm
3b2ed659fa8849e9c61d6db673ebba69390e89f940080ca14b968e71833f58af	12188	other	/usr/share/harbour-carhotspot/translations/harbour-carhotspot-it.qm
f9735170007523666e79475b4641ee79e3a65564e867fada37f2674a0d5f2ac0	9657	other	/usr/share/harbour-carhotspot/translations/harbour-carhotspot-ja.qm
ad656d67dd55326662a7ce8432a94697056fe13b81222e559df086e8d5a5fc3d	12442	other	/usr/share/harbour-carhotspot/translations/harbour-carhotspot-lt.qm
9f53b9acdf4f14d1999327bdc5b7c23851038723340428fc1c2a96d216bee57a	11966	other	/usr/share/harbour-carhotspot/translations/harbour-carhotspot-lv.qm
6d33c1712921d34522e934d4ab964452502d87186fe9d8595b368548f7a7d219	11558	other	/usr/share/harbour-carhotspot/translations/harbour-carhotspot-nb_NO.qm
25c86f765a05bf064fe97f99c14fd354dd0a4d5a1fcd0f7d312335d85d913a42	12048	other	/usr/share/harbour-carhotspot/translations/harbour-carhotspot-nl.qm
e24c06794f5a4b23c6837a23f07cf17673db40f4c039bf3035aa6e151aa7aaef	11560	other	/usr/share/harbour-carhotspot/translations/harbour-carhotspot-no.qm
1fd6bdd71df9e274bb1a7db5f41e0111b7c006dd9ea3544de0eae82b8d122d4a	11922	other	/usr/share/harbour-carhotspot/translations/harbour-carhotspot-pl.qm
f22e455c09653941e2ef741a937c10904e717f51bf562521aededf6cc3cd82c8	12304	other	/usr/share/harbour-carhotspot/translations/harbour-carhotspot-pt.qm
7680e9e828e5d4efbaeb475f4846c46c5ddf63a34ba9d03f95e44c78e3637e5e	12198	other	/usr/share/harbour-carhotspot/translations/harbour-carhotspot-pt_BR.qm
3324fefa7052df9d922731fd652d1fbb17ded4574044a2d54fc8bcf8cc3f75aa	12101	other	/usr/share/harbour-carhotspot/translations/harbour-carhotspot-ro.qm
c1bb88c16ef5409a491485e0a8a6d0f8aae15669adc134bc14c3c8dba07c3118	12019	other	/usr/share/harbour-carhotspot/translations/harbour-carhotspot-ru.qm
971b8eae9a61659c88991823cb704fb26bdbefde411cc500036ebc2ade582aed	11626	other	/usr/share/harbour-carhotspot/translations/harbour-carhotspot-sk.qm
a5cda938abb9642e4f3b67d744e0a3c8d367a94cf7a702c4805d6c9570c6a6cf	11779	other	/usr/share/harbour-carhotspot/translations/harbour-carhotspot-sl.qm
058abe6c40377fdfbd0d29e4e699361fb667c7ad90f5d4bc97ef8d20d2114645	11687	other	/usr/share/harbour-carhotspot/translations/harbour-carhotspot-sr.qm
ca2e1f67aa16eaf4dc0f4793c5a5338f0bf665f564e98c26b7f464a8dec70d62	11834	other	/usr/share/harbour-carhotspot/translations/harbour-carhotspot-sv.qm
70afe6dd934e1dd613a7a783c0108dc7b1089ebe95ca1a12793db5b45334bba1	11991	other	/usr/share/harbour-carhotspot/translations/harbour-carhotspot-tr.qm
47238eecb01b7e7ff7af9f620b435e3a2181a53f0194037aaa3bade640035814	11767	other	/usr/share/harbour-carhotspot/translations/harbour-carhotspot-uk.qm
4036ab4ff3f87ed9e1972fb589128072feceedf7a706c1a482727146e0037a82	8997	other	/usr/share/harbour-carhotspot/translations/harbour-carhotspot-zh_CN.qm
8acab89090a437b48ed8532a7fcae32250cf532c10ed97d412096b56b10fe330	9029	other	/usr/share/harbour-carhotspot/translations/harbour-carhotspot-zh_TW.qm
bc8b0d8ca84266771821f5820af248055a57615b5bb8569fca4cde7b5d70914f	6982	other	/usr/share/icons/hicolor/108x108/apps/harbour-carhotspot.png
3d63dedf150cb6e05bc8f9945b491994eb72c2ca6a4221bd168733cd64c209bb	8484	other	/usr/share/icons/hicolor/128x128/apps/harbour-carhotspot.png
3d3c648665eca255c5604a7bbc4ce12ca5ee57fef6adc2970c9d6e97b47c334a	12104	other	/usr/share/icons/hicolor/172x172/apps/harbour-carhotspot.png
60b09d68b3159204b4be3f0b6120d3453b5cf7970731f149a9302e11745d880b	5283	other	/usr/share/icons/hicolor/86x86/apps/harbour-carhotspot.png
bab8f29b9cd93f7a788a93ac7a39be2c74d5b2ff220510eed2569cf6c3cb5450	11457	other	/usr/share/translations/harbour-carhotspot-ar.qm
cd3f7a5ea2ada8ca5f83fe1a889ceeb1e04d0dabe4916b10667f952864ea0717	12663	other	/usr/share/translations/harbour-carhotspot-bg.qm
22c99b4402705138cb70b463334f1eca9ed4994f9e959f23dfa3518e8a8dd42d	12512	other	/usr/share/translations/harbour-carhotspot-ca.qm
1084fc456d45f4ad1fd22fd619e2a47547e5fcf8f1d74634bade92a2b58878d4	11574	other	/usr/share/translations/harbour-carhotspot-cs.qm
d0ddd7d0b4c9c8df2a92318648b555f48d21676190c22e134b27fc79657fbb83	11568	other	/usr/share/translations/harbour-carhotspot-da.qm
a7e1f5be275fc8860b42f98adb08e6ce53d37ff9f6d5c4322ea01e148b586815	12046	other	/usr/share/translations/harbour-carhotspot-de.qm
3bd63a4feaf4987ed18c953aa4be8655bee3d9930d745c3c370db1c871012f40	12382	other	/usr/share/translations/harbour-carhotspot-el.qm
6cba3cc00febb928908a380b1afbc1b2944594d05f3883487d773841ea244739	11870	other	/usr/share/translations/harbour-carhotspot-en.qm
62a5370225e137f36e2f621d26f9f360188bff371563d3ef9e7033dec7d8bb89	12896	other	/usr/share/translations/harbour-carhotspot-es.qm
2605359389817a5aff51efc5fc868b0c8f851bf03e523edb6a0b00400c699dec	11808	other	/usr/share/translations/harbour-carhotspot-et.qm
79814e9d8b8d62399dba8837cfd562d3ac586e2ef2b366c11e07e08095576993	12088	other	/usr/share/translations/harbour-carhotspot-eu.qm
f54a8abf1813776d9913c3d5e9d57d4fbdbe2f4e9bfed82b3db285b724c05d2e	12206	other	/usr/share/translations/harbour-carhotspot-fi.qm
473489b9453364e4c156c52a3d3b78693929c4b9b8916a07c65dcc6160ed6738	12748	other	/usr/share/translations/harbour-carhotspot-fr.qm
7ef526d1da0b9e5f542f95e3e26c7c7e4fdf792d5c31eb314a8a0724b8482e51	12209	other	/usr/share/translations/harbour-carhotspot-hu.qm
3b2ed659fa8849e9c61d6db673ebba69390e89f940080ca14b968e71833f58af	12188	other	/usr/share/translations/harbour-carhotspot-it.qm
f9735170007523666e79475b4641ee79e3a65564e867fada37f2674a0d5f2ac0	9657	other	/usr/share/translations/harbour-carhotspot-ja.qm
ad656d67dd55326662a7ce8432a94697056fe13b81222e559df086e8d5a5fc3d	12442	other	/usr/share/translations/harbour-carhotspot-lt.qm
9f53b9acdf4f14d1999327bdc5b7c23851038723340428fc1c2a96d216bee57a	11966	other	/usr/share/translations/harbour-carhotspot-lv.qm
6d33c1712921d34522e934d4ab964452502d87186fe9d8595b368548f7a7d219	11558	other	/usr/share/translations/harbour-carhotspot-nb_NO.qm
25c86f765a05bf064fe97f99c14fd354dd0a4d5a1fcd0f7d312335d85d913a42	12048	other	/usr/share/translations/harbour-carhotspot-nl.qm
e24c06794f5a4b23c6837a23f07cf17673db40f4c039bf3035aa6e151aa7aaef	11560	other	/usr/share/translations/harbour-carhotspot-no.qm
1fd6bdd71df9e274bb1a7db5f41e0111b7c006dd9ea3544de0eae82b8d122d4a	11922	other	/usr/share/translations/harbour-carhotspot-pl.qm
f22e455c09653941e2ef741a937c10904e717f51bf562521aededf6cc3cd82c8	12304	other	/usr/share/translations/harbour-carhotspot-pt.qm
7680e9e828e5d4efbaeb475f4846c46c5ddf63a34ba9d03f95e44c78e3637e5e	12198	other	/usr/share/translations/harbour-carhotspot-pt_BR.qm
3324fefa7052df9d922731fd652d1fbb17ded4574044a2d54fc8bcf8cc3f75aa	12101	other	/usr/share/translations/harbour-carhotspot-ro.qm
c1bb88c16ef5409a491485e0a8a6d0f8aae15669adc134bc14c3c8dba07c3118	12019	other	/usr/share/translations/harbour-carhotspot-ru.qm
971b8eae9a61659c88991823cb704fb26bdbefde411cc500036ebc2ade582aed	11626	other	/usr/share/translations/harbour-carhotspot-sk.qm
a5cda938abb9642e4f3b67d744e0a3c8d367a94cf7a702c4805d6c9570c6a6cf	11779	other	/usr/share/translations/harbour-carhotspot-sl.qm
058abe6c40377fdfbd0d29e4e699361fb667c7ad90f5d4bc97ef8d20d2114645	11687	other	/usr/share/translations/harbour-carhotspot-sr.qm
ca2e1f67aa16eaf4dc0f4793c5a5338f0bf665f564e98c26b7f464a8dec70d62	11834	other	/usr/share/translations/harbour-carhotspot-sv.qm
70afe6dd934e1dd613a7a783c0108dc7b1089ebe95ca1a12793db5b45334bba1	11991	other	/usr/share/translations/harbour-carhotspot-tr.qm
47238eecb01b7e7ff7af9f620b435e3a2181a53f0194037aaa3bade640035814	11767	other	/usr/share/translations/harbour-carhotspot-uk.qm
4036ab4ff3f87ed9e1972fb589128072feceedf7a706c1a482727146e0037a82	8997	other	/usr/share/translations/harbour-carhotspot-zh_CN.qm
8acab89090a437b48ed8532a7fcae32250cf532c10ed97d412096b56b10fe330	9029	other	/usr/share/translations/harbour-carhotspot-zh_TW.qm
