ffa9a340235fef56babe3f51e1e22f3ab1303a236bbb5230cf787f81d3caacab	5808	elf	/usr/bin/screenrecorder-gui
a95ca1313cae4e2b5f90eefc4fa0987ff272b6e3aaf38673602585d68a915a6e	223	other	/usr/lib/systemd/user/screenrecorder.service
423a4d4d025d57c23257fe2f55146c58f083ad0f4f30480546e1979bd363795d	72424	elf	/usr/sbin/screenrecorder
b8eb0416434217e6761b1564cd875ad87bc22950513c2d8eec5d555bb6878405	366	other	/usr/share/applications/screenrecorder-gui.desktop
0c684c110628dbd29e736b2b112c1781ccf959bfb9697bdd2d16f28df8bf1a7e	140	other	/usr/share/dbus-1/services/org.coderus.screenrecorder.service
0a469fa24c15075196fa77c73a88d35402ddb61f933f110d4098de60402f51dc	433	other	/usr/share/dbus-1/system.d/org.coderus.screenrecorder.conf
97d1178f1568dec3b419d904fb9988909199d66aece1ecb99d98c346737d6870	1012	other	/usr/share/icons/hicolor/108x108/apps/screenrecorder-gui.png
83aa76293501b86ddc46d8ee45f94d3409d113590ba91f1c4b518fab08a982da	1148	other	/usr/share/icons/hicolor/128x128/apps/screenrecorder-gui.png
94d7ca7dbc91d95e68fe429ddf708286513c97dd5c26a22c04697db6759e0133	2137	other	/usr/share/icons/hicolor/256x256/apps/screenrecorder-gui.png
e47a1f382cbd52f19ba794cdc7cc7fe2cb47b2dc48d1529ebe838c3e4eb34d5d	964	other	/usr/share/icons/hicolor/86x86/apps/screenrecorder-gui.png
8c4821f2ef7da04ac9e1285bf436fa694f7c533dc40f2a700d34894e1fb92dc3	489	other	/usr/share/jolla-settings/entries/screenrecorder.json
b9d18b34cec543df6943794518d63829c340acfadd71ddb5c9dc1a27c6544553	2156	other	/usr/share/jolla-settings/pages/screenrecorder/ScreenrecorderToggle.qml
9d37a15dd47782131fd3812b2436b3ded217de71850491920a6579d934d8c5ee	553	other	/usr/share/screenrecorder-gui/qml/cover/CoverPage.qml
f1b93c7dd21cf76023ca0861f0408ff7c5fae2c73ab4f1aa92d2444d5ac9910b	7009	other	/usr/share/screenrecorder-gui/qml/pages/FirstPage.qml
ed35156613976ad6f9d27b27f6c0be839d653777f46a99295779a06c739c5e76	69	other	/usr/share/screenrecorder-gui/qml/pages/SecondPage.qml
e34d82d0604028ff031cf2ef91a38c47b168bbf73a0b2186b9748890645508d1	307	other	/usr/share/screenrecorder-gui/qml/screenrecorder-gui.qml
9959b510b15d18937848ad13007e30459d2e993c67e564badbfc18f935695c85	16	other	/usr/share/screenrecorder-gui/translations/screenrecorder-gui.qm
