c5dbe01f485e61bc13002877bd6d022042203e60b2f39b704f83478aba23d589	13247436	elf	/usr/bin/harbour-doomsday
9b046e24d30f8efef2de45e9632ded766653662771e0083f78f28487f2b45540	312	other	/usr/share/applications/harbour-doomsday.desktop
50af5b533e2c84457d417f901606eabfeca4a57c8165c1db09be42b52a94344f	169	other	/usr/share/dbus-1/services/org.unifiedpush.Connector.doomsday.service
2ca045a441a162bff6dcc41ac09262b2813fb28f0f75feed9ed6ed38a5007446	1467981	other	/usr/share/harbour-doomsday/assets/logo-sfos-512.png
329c0d4da2a82432af976998659ec00ee8a4bfd7876229d3319bdcc50ffbb238	7479644	elf	/usr/share/harbour-doomsday/bin/doomsday-push-test
750cc396c7a122368c7461a69d82d1596eb97bf230a81af902e42ced40f1402e	5050044	elf	/usr/share/harbour-doomsday/maplibre/lib/libDoomsdayQMapLibre.so.3.0.0
e48e73f1638264d9cad22f80a6c3b8d5c0974a23d8aed4ccbfb41566062dfb72	8887	other	/usr/share/harbour-doomsday/maplibre/qml/DoomsdayMapboxMap/MapboxMapGestureArea.qml
e77b5f5206902074cbfd3d20ba7b3717c5ea1be339dafa47641c588775b0bcad	196544	elf	/usr/share/harbour-doomsday/maplibre/qml/DoomsdayMapboxMap/libqmlmapboxglplugin.so
18a9e21941522556d4faa089c3a322f81aa4f743131c405f111f797a16d35f8d	100	other	/usr/share/harbour-doomsday/maplibre/qml/DoomsdayMapboxMap/qmldir
3b9e0a98965d43a642c9bfc03d6bb6f053ca5a779a27220c3e5889415096f868	2966	other	/usr/share/harbour-doomsday/qml/AddLocationPage.qml
68b2b38c077237c3a476c09c33151ac8521fbe76651fc98d3b7ebed3c700dbfa	2071	other	/usr/share/harbour-doomsday/qml/AlertList.qml
a49d36b5e2990625d130beca61ea6eef796af4e5bdf0ca3c5c0ce58100234fdb	1493	other	/usr/share/harbour-doomsday/qml/AlertPage.qml
9aae0831e3f901b53c7b037eba3085766e25334964ed8c14d677bc35addf17ed	354	other	/usr/share/harbour-doomsday/qml/AlertsPage.qml
f03b4ae5f99c7674bb02ae363abb359970a4cc2ee57198bf6ddc7f41908ed0c1	514	other	/usr/share/harbour-doomsday/qml/CoverLogic.js
4ead174e4c958254e2da97d1a9a7b8b7ab767ad99b9d3fc0364af9efdcaf551c	6667	other	/usr/share/harbour-doomsday/qml/CoverPage.qml
586e6fa4e591be687e0b95b643f8d8c7cca173a2edcbca751bbc328109a6e381	3169	other	/usr/share/harbour-doomsday/qml/DoomGauge.qml
34e9809ad9df9fcd29d6223e67cb26b0ef6ed23340c5b08fc7187e9d82f0f933	1978	other	/usr/share/harbour-doomsday/qml/DoomLogic.js
3505e66404994d263959c6ac968df6badaf0ad9e7836b687ec36299158f5eef0	13548	other	/usr/share/harbour-doomsday/qml/DoomMeterPage.qml
3deed9c584856de3daed40a6de4cb2b76e2c9fe91bfdd3d0a1de36ba0dece621	337	other	/usr/share/harbour-doomsday/qml/ErrorDialog.qml
20f6317f11e55475b0bfac5f3ac369698add26c2068ef3f5e4904f01ba38f5db	1924	other	/usr/share/harbour-doomsday/qml/InformationPage.qml
c0b42fa4aef14b76e3403879753edca5a77c01f0cd68ce36ff9ac68212570cd1	1532	other	/usr/share/harbour-doomsday/qml/LocationsPage.qml
505851824dadb4328318b267bd6e8058245befe6c085cfd233b5b4b8e552254e	165	other	/usr/share/harbour-doomsday/qml/MainMenu.qml
337f51626473908af1a1de53bccebed3dc486e25e96e29e6206fd7bda3960051	4750	other	/usr/share/harbour-doomsday/qml/MapLocationBoxes.qml
6d3bee3449c3878a4531c58873b691d72dc8010f955898025c6427970c826375	17275	other	/usr/share/harbour-doomsday/qml/MapPage.qml
1463f9034f4d30c8d08e62b697a92af071561984fa5a546f0b84cdd64a5167fa	3742	other	/usr/share/harbour-doomsday/qml/SettingsPage.qml
cff6bd276f5d5fa17347dcfb3acd231ef9fc1e97f2716a6a48177b77b10aed36	1961	other	/usr/share/harbour-doomsday/qml/Style.js
f8876fe4d329c762e31b30abeef3554cd1f223255a7a70c1fb50b1225e60c059	1754	other	/usr/share/harbour-doomsday/qml/harbour-doomsday.qml
11cfe2367a78a336a7b24f3ad24ca193e66d102ce8509ea60c0c6c3397804bde	775	other	/usr/share/harbour-doomsday/qml/icons/icon-m-doom.svg
fec119be351eb6fe5dd7a98dfc5af73098d8e71d1ba70ef0126a770a7015e6f0	1467981	other	/usr/share/icons/hicolor/128x128/apps/harbour-doomsday.png
2a5f41eabf42d527b5be94376378287c2d069b5316eb27440b22b025cba38cbc	281	other	/usr/share/lipstick/notificationcategories/harbour-doomsday-minor.conf
7470e87822d5505b2c1dae27f95b30a82cf412b3fa3151a71cc57ca5b08ab4aa	282	other	/usr/share/lipstick/notificationcategories/harbour-doomsday-moderate.conf
613d35e8bfde828948285193f6df57d44fbccd1a3681493095649f4db8cef06e	305	other	/usr/share/lipstick/notificationcategories/harbour-doomsday-severe.conf
