12ce2132d13b066de69d53f350f8a0733410a0807ca217a4aabbd5e2b22c74cd	68720	elf	/usr/bin/harbour-speedfastpro
79605c3d3dc5982ccb82fe5db7a1452219df4f7ac293f5f4872f4905db417bdc	210	other	/usr/share/applications/harbour-speedfastpro.desktop
b325959831c14b22808443b3ad5b8130f87c1fab866480422d36666b9ea6a0b1	3691	other	/usr/share/harbour-speedfastpro/qml/components/Speedometer.qml
15e67c2377cd321bcd9354f1e4118650267df938980847122dd6e27138f17dd5	2530	other	/usr/share/harbour-speedfastpro/qml/cover/CoverPage.qml
8b5f5a00615e9b0698538708253bbb6dbe0333b82f9fc9fd09a5c60ec30c37e3	877	other	/usr/share/harbour-speedfastpro/qml/harbour-speedfastpro.qml
72078c13a21651896e1c7b46d7d844f86ce52896169c6f309e89663a7c816c17	895	other	/usr/share/harbour-speedfastpro/qml/pages/AboutPage.qml
aa687d644da460e613bf01575ce0c45696988e9f4927c098c4b193c38a6da763	14353	other	/usr/share/harbour-speedfastpro/qml/pages/FirstPage.qml
01fcf1ebe64dc32967cfb78923e5d6b8ff1dca93aa346ef3d3895c7a84f078fb	2442	other	/usr/share/harbour-speedfastpro/qml/pages/SecondPage.qml
dd57231572beb805c79928a1e12d0f55b51188c51e789223fde870e0b0daa0b4	2557	other	/usr/share/harbour-speedfastpro/translations/harbour-speedfastpro-fr.qm
811ed3f971310580e85027cfd4999d27613c5255e02ac9b7176a20b1169ea7be	2397	other	/usr/share/harbour-speedfastpro/translations/harbour-speedfastpro-nl.qm
4445cad72617f29125eb10ee0d54e8598dddf0b163fc65777bfbac3651d867b0	1988	other	/usr/share/harbour-speedfastpro/translations/harbour-speedfastpro-zh.qm
cc88ca2d008a1946edf9a2bf2bcc537b2ccae2d6aa208c9804a3fe9a75b0194f	2433	other	/usr/share/harbour-speedfastpro/translations/harbour-speedfastpro_de.qm
34690d0ea7fcbcf43722a669bbfacc8565b37b694fa63fe8a86871e77862fb9b	2365	other	/usr/share/harbour-speedfastpro/translations/harbour-speedfastpro_en.qm
cab41196502f98156064cbb51fcf1ff98a4485fe2baefef5c1cb1c077fe1063c	451	other	/usr/share/harbour-speedfastpro/translations/harbour-speedfastpro_es.qm
e801a7f097abb55646aa941b06ab981afdb704b93a760b0792f23bb9a128283e	2405	other	/usr/share/harbour-speedfastpro/translations/harbour-speedfastpro_fi.qm
9a909cdaf3af37da1383d30152731945bb8dbb5d0fa0c05826eebc3747cabe32	2495	other	/usr/share/harbour-speedfastpro/translations/harbour-speedfastpro_it.qm
7334746ada04eaba710056c84fc4e5e5c5db8ebbd5d4dd8a629c949c687f1d16	2447	other	/usr/share/harbour-speedfastpro/translations/harbour-speedfastpro_pt.qm
6036b89b5827e86e456be5dc377c24e1d14adf203cb93a52654f908c6decc224	3715	other	/usr/share/icons/hicolor/108x108/apps/harbour-speedfastpro.png
3eff736e4b61af502fda7a35dbee42141af8ea7fc6c0dbc3a9c4235d6b3238a6	3034	other	/usr/share/icons/hicolor/128x128/apps/harbour-speedfastpro.png
12c45417d6ea3fc4cc1282a0739125b2cdd36a4540a5663160656a09165ff1d5	7121	other	/usr/share/icons/hicolor/172x172/apps/harbour-speedfastpro.png
176e88572d7dcab0b6f8167bc15c9ea9b1b4e8d9392665ebdcd2fef973f3d465	2849	other	/usr/share/icons/hicolor/86x86/apps/harbour-speedfastpro.png
