e5dc4676ced330d462c26d94725f61105b2255888c03d82a51d8b1c2375548b3	59432	elf	/usr/bin/harbour-mullvad
36ed6a89214af7c97635266a3a19b8f7d75c0b48f1f8b5397128632da38fcfa1	18128	elf	/usr/libexec/harbour-mullvad-vpn
2378b514fa1d2aaec83f1a28e314efb35a66b46056576dffaff7fabdac70129a	284	other	/usr/share/applications/harbour-mullvad.desktop
02340e5172616cf95784ea391e877797e439174db74e2c3bb71a6c0507a1ce88	1331	other	/usr/share/harbour-mullvad/qml/cover/CoverPage.qml
4f76660889e41db941ead10891be8374b0b6cf6f98b6988dec4bd562f2718f72	16807	other	/usr/share/harbour-mullvad/qml/harbour-mullvad.qml
059ae87e5a0bd3eb8858a7ceab70e6982e53595520b62fbad6b7fc795ebe5030	8567	other	/usr/share/harbour-mullvad/qml/pages/AccountPage.qml
49364a69af0d31137e8b3b08797951f39f66821ea33e05952edd335262ebefd1	3591	other	/usr/share/harbour-mullvad/qml/pages/DevicesPage.qml
bbebe0187da73202e26ff0d6e2ef0c9a560f40f8e3c48db0b2b3530afe72bf87	1206	other	/usr/share/harbour-mullvad/qml/pages/KickDialog.qml
99e80f5d8a95d2eb29da014b4debf50291fa2fe56c215b97483eb69031ad799f	2263	other	/usr/share/harbour-mullvad/qml/pages/LoginPage.qml
de9f37206d822229c50e6a8f102c0acae51fe842781a2528b56a29873492bcd2	1874	other	/usr/share/harbour-mullvad/qml/pages/RelaysPage.qml
ee29295a9f4bb03fbb056bcbbebb23b9fa56b9908be0bf64dc8edd85615480fd	5243	other	/usr/share/harbour-mullvad/qml/pages/TopupPage.qml
83cb9bb4b859aef067dd371361c9f38a3653440f8d1369fe49483c4d57b59f4b	10160	other	/usr/share/icons/hicolor/108x108/apps/harbour-mullvad.png
2a61e8620ee5b374d0ff6161b33e6bad044e5b2bb40a926812ce3443e997f833	13175	other	/usr/share/icons/hicolor/128x128/apps/harbour-mullvad.png
479c5fbf3b58ed878c57afb0df0d86e439ce24563ae676e58b1e92a0e136fd7a	17338	other	/usr/share/icons/hicolor/172x172/apps/harbour-mullvad.png
3ec3d8a0bcf887ae20956412fbee179bb3c7f6ab0e808641a60e9b565385ada2	7542	other	/usr/share/icons/hicolor/86x86/apps/harbour-mullvad.png
