3f7ed14306b555a889e1a00f611215c8a7be485841e4c6723094aec762c46c65	1031	other	/etc/fonts/conf.d/65-futo-keyboard-symbols.conf
9a1113d10d1fe84cad1483be762210280062b6b1e44ce22868594af4663b37a6	13828	elf	/usr/lib/libfuto-maliit-policy.so.1
b190b36d6935f7cd9c33a71bc9c5d948b18d207b4477bb2b443a5d66b32455fb	80216	elf	/usr/lib/qt5/plugins/platforminputcontexts/libafutomaliitcomposewrapper.so
52afc41b0e915a2343e2dfb11b43802b1984847ee1a94f288f45ced25930b6b3	59576	elf	/usr/lib/qt5/plugins/platforminputcontexts/libcomposeplatforminputcontextplugin.so
2f1d3ea01c9332332e8a76b224fd35f9ae7186e9e36fc3172d49d1f37db461ff	726	other	/usr/lib/systemd/user/futo-keyboard-helper.service
f503f97c04c2c6e1483ce0072afb4428a988d6efbe45ea0ad28dcc649db533f6	411	other	/usr/lib/systemd/user/maliit-server.service.d/10-futo-hardware-policy.conf
8286087ca1a8f25ba7ef27b68d49bc2fdf4e4dccdfee4b5544aec0dde1771420	14044	elf	/usr/libexec/futo-keyboard-appsupport
77882ed9ec5f723dd5c5477d850679a171d1369c4dacc13a1af1a7089d4a7edd	18212	elf	/usr/libexec/futo-keyboard-browser-origin
8eeec82efc640a3b336f2bbfe4d14310d2c3069ea2596c77cf50de59cb63eb7d	34800	elf	/usr/libexec/futo-keyboard-device-auth
37de4573e4168158d3c39db8e0bb804323ebb10097307b15b28bdd4dc71bd36d	14012	elf	/usr/libexec/futo-keyboard-editor
b46040184a2f7036a303486d68b0b1a474241f663954129f7c2d5b4d1bcf6771	178136	elf	/usr/libexec/futo-keyboard-engine
81d02687dd401f6baf525a67941f89cbaeac9ff60e8e5bcf7329975107dc4dbb	13984	elf	/usr/libexec/futo-keyboard-focus
6507f384fe635b61b134aa397e91b213a6b874482a872d9bd081dd61338412d7	8040600	elf	/usr/libexec/futo-keyboard-helper
0082550453659ee135469e055fd21bb9d7a439e6b511785f1413335162df184e	1894	script	/usr/libexec/futo-keyboard-install-textinput-bottom-hook
bcf3a335e812393d71a4ab86986682e2c48a3fa4e3745d0810f065ae0e5ac906	1422	script	/usr/libexec/futo-keyboard-install-wayland-deadkey-hook
ffdd8e2acd654a93320b294121329ffe5ded441ed77ef50dc30b66b971f1eaec	14004	elf	/usr/libexec/futo-keyboard-keyring
a2ad8c21a0231e698b970c639e420c11765ce5e90e0cc89eb2b622531b8894fc	1575824	elf	/usr/libexec/futo-keyboard-prediction
400fc2320e8752b4cc39de33453959d9407fdfc7d387065d432e6d736fec4ffb	1803	script	/usr/libexec/futo-keyboard-remove-textinput-bottom-hook
259cf5ab4600f3e0f5593b06fc10e0bc1c5c528c1d06e2cfd5c296853f24bb3d	1304	script	/usr/libexec/futo-keyboard-remove-wayland-deadkey-hook
4c9d07d660ddd10f186ee4f27d6ef5b0007a09ad32993bc02d090a26f6f265b5	4420	script	/usr/libexec/futo-keyboard-restore-stock-layout
6f1c0eae23fdc631d1a78836d995cfeeff98a71452ce03c764ff87bb4462955b	26564	elf	/usr/libexec/futo-keyboard-secrets
c2e0c7e74cf61ca4664ecdf5bc3d371fd7879ba6553238bddb795a569fae53f8	14128	elf	/usr/libexec/futo-keyboard-setup-toast
4d8d1c6f1f353474da2cabcab844ff6085f7a2a485b77dccad51172ee030c419	2844520	elf	/usr/libexec/futo-keyboard-swipe
4bbb835e0e099af67737af9fe906ac2415998ab5e6e5b232d8b76bff232c2bb4	826128	elf	/usr/libexec/futo-keyboard-voice
f02b65d0505299651bf48d639b6e2d7246b654c4e465899a03ed6a42ac3ba67b	6797	other	/usr/share/X11/locale/compose.dir
870fd6598822b04f37aaff4407be88e7ea59ff504f9e5935aaed25b01fb3acd7	455657	other	/usr/share/X11/locale/en_US.UTF-8/Compose
604f1c44caa4846712ee0d951981b00574d1840e95c86fa084341370b50d7c95	76404	other	/usr/share/X11/locale/locale.alias
e8d6f0660d3a24a4d5d13029554d82c699bca4f45dfbe364e95d2fce4a489225	125	other	/usr/share/dbus-1/services/org.hb.FutoKeyboard1.service
7a0bd8b0481d3995196cf5161a1a290fd05ec23f3b5dafb47c06cc8acc832b93	544636	other	/usr/share/fonts/amiri/00-futo-amiri-regular.ttf
cd2550c0f4c05eb341bf97958211aaa39382bca96577ba3a67d4a3b4912c43c0	437780	other	/usr/share/fonts/futo-keyboard-sailfish/Amiri-Regular.ttf
8decb0be8598af58ce4f3d38862da6387b99acee44626963f2363b8ec54f4f79	120892	other	/usr/share/fonts/futo-keyboard-sailfish/FutoAndroidRiyal-Regular.ttf
c9a039ce48a477243c1eb7d561b13de115cfd651d8a83fa42e2f4d63c2e11b00	291980	other	/usr/share/fonts/futo-keyboard-sailfish/NotoNaskhArabic-Regular.ttf
fd21655895fcf5b16ba499671c0e06e8450faf093d8c65c9f9ced970aabe1e70	108992	other	/usr/share/fonts/futo-keyboard-sailfish/NotoSansKhmer-Light.ttf
6a70b1fcd6756173e51567554e4164687f76a3da88f93a5ac48e56c005152f72	191740	other	/usr/share/fonts/futo-keyboard-sailfish/NotoSansMyanmar-Light.ttf
c645fa43ca3c384cbee102d3f398ba69d00c014378f62068c29d889b65a94f4b	152464	other	/usr/share/fonts/futo-keyboard-sailfish/NotoSansSinhala-Light.ttf
0385b743cad34aa1681b8e1ffff43c93b9a626a0db348cdf0b86f2a7ffcc411b	79376	other	/usr/share/fonts/futo-keyboard-sailfish/NotoSansTifinagh-Regular.ttf
d334dd7823b53b41f9c14678971772ebce334b5f92c5bd7024454f75b3b47b17	613040	other	/usr/share/fonts/futo-keyboard-sailfish/NotoSerifTibetan-Light.ttf
e737dbb70d8adbeedf5b837d0bb5f5bd3355e56757532c6dc22f6d7d472851f5	27232	other	/usr/share/futo-keyboard-sailfish/android/FutoAutofill.apk
d761a0d17048bfe3e96842f3dfe444fe18780f3a2285792f6da7ce1697fc2a19	7239	other	/usr/share/futo-keyboard-sailfish/content-previews/emoji/noto/1f389.png
a17fcf51fee3abc247210f28b130802fc381e01971699bbefa40eaf89adb3a02	4229	other	/usr/share/futo-keyboard-sailfish/content-previews/emoji/noto/1f44d.png
88df38e1a578f360c1df99b41387ec370bb568a58a6e846631422e39e6473530	7541	other	/usr/share/futo-keyboard-sailfish/content-previews/emoji/noto/1f600.png
1d41a1bc85be895f01f0b07997e3a5619ab3f685e3edbf8c0ad6853d378e6fe0	2921	other	/usr/share/futo-keyboard-sailfish/content-previews/emoji/noto/2764.png
764bbfe686bbee1110c511549c8a021845fc0fdf991b9dc49f1d5558e7aa2006	2750	other	/usr/share/futo-keyboard-sailfish/content-previews/emoji/openmoji/1f389.svg
0bf6477333c6ede4f2ac230261456cd55c390185a40b5a5ff2d71eda14ac5f99	2490	other	/usr/share/futo-keyboard-sailfish/content-previews/emoji/openmoji/1f44d.svg
8630f1179c6d554e485a139e8280fc521479edb2d1a8d030c5a873a46f609bcb	1456	other	/usr/share/futo-keyboard-sailfish/content-previews/emoji/openmoji/1f600.svg
f71ff9cfc093fd4f174de9c53583cf4c38b690f3b8c0a40d4addd7a728206ee3	765	other	/usr/share/futo-keyboard-sailfish/content-previews/emoji/openmoji/2764.svg
194de9942601b9a42cc9ea79663aaca170816cfc07cbe8b2a568852427fa7088	3153	other	/usr/share/futo-keyboard-sailfish/content-previews/emoji/twemoji/1f389.svg
0f2b2ef249afadcfcd3cd9e1dcc7ba612f595135cd70c6663267380ea4d3331e	1663	other	/usr/share/futo-keyboard-sailfish/content-previews/emoji/twemoji/1f44d.svg
41478e547c5b6ad66bfcf91ead5350fa0bc247956c3ff912020327e3e9ad0d2b	450	other	/usr/share/futo-keyboard-sailfish/content-previews/emoji/twemoji/1f600.svg
09a743ee0c32ca57c9be64b13b29c396310d1dd309cb4d7d3be722e47db95f27	368	other	/usr/share/futo-keyboard-sailfish/content-previews/emoji/twemoji/2764.svg
8138f90a683c02015addd96af811c241fb34325e6b73c65ba18ad445dec12c3b	37337	other	/usr/share/futo-keyboard-sailfish/content/manifest.json
8f699a1ce93ef6618bdac7ff0c2e70f48f68922506435fa9c92af6681129cf73	858370	other	/usr/share/futo-keyboard-sailfish/emoji-search-index.json.gz
dc600fda6321e1d43ce74dea0c386d7229122f2da7b556ae6f97bbf5d6b1ee75	9000	other	/usr/share/futo-keyboard-sailfish/emoji-tabs/1f354.png
5ad702ad3d5f0c9c99deef80a2ce7f041a09e18472e678a1fe221253bb240fb1	3634	other	/usr/share/futo-keyboard-sailfish/emoji-tabs/1f3f3.png
1494d7b17d215a7027ac6cfccd50bf94918dab972c629c896e1eee14667c0373	3458	other	/usr/share/futo-keyboard-sailfish/emoji-tabs/1f43b.png
3aa97de7a71fe81bfbe53d49d5c008ef911fdb37e2e811050666e94dd7ffbe3b	5357	other	/usr/share/futo-keyboard-sailfish/emoji-tabs/1f44b.png
3b57447c18ca9a6bd2df7f17fdf22fb5ee1135bd07fda592e2a34c705060c1c2	4361	other	/usr/share/futo-keyboard-sailfish/emoji-tabs/1f4a1.png
cb5bb13848ecaf2cd58213d0e36578fb0b9dcd376c52c992e950ef7281f0910a	4963	other	/usr/share/futo-keyboard-sailfish/emoji-tabs/1f550.png
88df38e1a578f360c1df99b41387ec370bb568a58a6e846631422e39e6473530	7541	other	/usr/share/futo-keyboard-sailfish/emoji-tabs/1f600.png
4ea67660883cc63adb17d34b44a340be15ad85745d785991742d7dbad1f12f83	3806	other	/usr/share/futo-keyboard-sailfish/emoji-tabs/1f697.png
517e3321dbfec323eb9327dd3f5bddfc11a513705b51bef9af368107dbede1b7	5312	other	/usr/share/futo-keyboard-sailfish/emoji-tabs/26bd.png
1d41a1bc85be895f01f0b07997e3a5619ab3f685e3edbf8c0ad6853d378e6fe0	2921	other	/usr/share/futo-keyboard-sailfish/emoji-tabs/2764.png
586805cc762576cd7d3f387474697ba8fa024fbe31006a0ee5ca3ae59f52b740	18180	elf	/usr/share/futo-keyboard-sailfish/hardware/libQt5WaylandClient.so.5.6.3
f4c86d8423540c74017604bbccec3676cc0dacf33527d0d9dc5659856d3dad49	916057	elf	/usr/share/futo-keyboard-sailfish/hardware/libQt5WaylandClientFutoOriginal.so.5.6.3
d21ed316b766b757194dd5273ec9754f468b411ce41bc02fd1e04fa5456619ab	65	other	/usr/share/futo-keyboard-sailfish/hardware/stock-wayland.sha256
aaf1a41290060b0487430bbf30ca1708b622fc0655967d519b274fddc2bffa76	2799	other	/usr/share/futo-keyboard-sailfish/icons/futo-keyboard-sailfish.png
1f2ce62e811fe36740a65812f61a7b948927d47780017ea4c6056a1b15ad706a	17351	other	/usr/share/futo-keyboard-sailfish/icons/futo-keyboard-sailfish.xpm
9e0c1da987107c63ab97b044ad6b13a01711c8da41539cf93240c099bd633b09	435	other	/usr/share/futo-keyboard-sailfish/icons/icon-m-emoji.svg
84c027fdb97d5ebdb31af7d9359e2f46a2353a020f85e5fa0d645fc597be55fc	2824	other	/usr/share/futo-keyboard-sailfish/sounds/keyboard_letter-10.wav
61508055a8871cb4114d1788e4f23f7bb6cbe3ddc0b421f11ecce7f7c3569e29	2824	other	/usr/share/futo-keyboard-sailfish/sounds/keyboard_letter-100.wav
2a40f0b430c1fe41310f8ec67fec4a722974eb11715481996d9493140bee9a9b	2824	other	/usr/share/futo-keyboard-sailfish/sounds/keyboard_letter-20.wav
f94a821cb5519b831f80e82810bbf4b4ff0c75c767f9648b463e69f6d8c8b2d8	2824	other	/usr/share/futo-keyboard-sailfish/sounds/keyboard_letter-30.wav
6aadaa77c2eeb43723506ac858d749fffa9875ff176507be8e986b91205a8e15	2824	other	/usr/share/futo-keyboard-sailfish/sounds/keyboard_letter-40.wav
add614187b5ea2ade56974a89f7b62a55ec05b64d8778ed45432b6cedcc89103	2824	other	/usr/share/futo-keyboard-sailfish/sounds/keyboard_letter-50.wav
efd72e41adae7e6abe7149593abe11b489e19f56acced23d5eea794d6971a400	2824	other	/usr/share/futo-keyboard-sailfish/sounds/keyboard_letter-60.wav
ffbac3c1fa8addb811cd72a0529a85c33f622a465b7d246130962df875e70933	2824	other	/usr/share/futo-keyboard-sailfish/sounds/keyboard_letter-70.wav
bdf80f12b024844f0ff1612b0c49d91d85ebc16515ce7226d16239f85fcad427	2824	other	/usr/share/futo-keyboard-sailfish/sounds/keyboard_letter-80.wav
3de0f65044d2b3875d1b290a14d70329b500d0465d4d73463bb278f2227c066f	2824	other	/usr/share/futo-keyboard-sailfish/sounds/keyboard_letter-90.wav
e0bb3f68fce1c03b58955bb6b03f637848a89ae88956aeafa67ed3eca0d67044	2824	other	/usr/share/futo-keyboard-sailfish/sounds/keyboard_option-10.wav
70bc9ccf7c191211541b8c9b35b51e27616c38e7f5ab873dcdd2fb53f8cb3825	2824	other	/usr/share/futo-keyboard-sailfish/sounds/keyboard_option-100.wav
7943a642766bb92b3ec27fde821bd57c8bd89b42285b68e3c162c729a216f7d1	2824	other	/usr/share/futo-keyboard-sailfish/sounds/keyboard_option-20.wav
0fc43ebad2012cebe8e178f2188771b0f045b342db7db586a44d4799af83f8fb	2824	other	/usr/share/futo-keyboard-sailfish/sounds/keyboard_option-30.wav
797eb411ab0265693d5a09408e1a17cb27866e98552ce33ed9007a32fd49776b	2824	other	/usr/share/futo-keyboard-sailfish/sounds/keyboard_option-40.wav
720ceced761fabc273e4f1ecac560ea1c909b39e4b9d5c33dcb65bc7be31fd2e	2824	other	/usr/share/futo-keyboard-sailfish/sounds/keyboard_option-50.wav
8790535ee49ed003b6d547c55845297e8bf2c3dbd1e3129e59ccc5c750f6de64	2824	other	/usr/share/futo-keyboard-sailfish/sounds/keyboard_option-60.wav
8d5ea070b0ed253b472c76ef27b056d30292ec472909d1789e4a427f334a9efe	2824	other	/usr/share/futo-keyboard-sailfish/sounds/keyboard_option-70.wav
d254eca47a8dad0527bf9a3a7ef9684b44d4d4ba1465d1013e748cb7deca99e7	2824	other	/usr/share/futo-keyboard-sailfish/sounds/keyboard_option-80.wav
f2feed8ee2189b4409646b71b942f79e74e2fcab8bba2396c91f99bd984ba016	2824	other	/usr/share/futo-keyboard-sailfish/sounds/keyboard_option-90.wav
fde1e319fd3ff67a0d72934540c910bac3e7307cc1e934da8cbd134b5858ddb0	2210	other	/usr/share/futo-keyboard-sailfish/sounds/pulldown_highlight-10.wav
334852454f2e1c948a21f97f9a4fa74123776989f2eb52a5a8bc8ad3ca237346	2210	other	/usr/share/futo-keyboard-sailfish/sounds/pulldown_highlight-100.wav
7aaf32fc44ac60b222754af76a72a14eb9920bbe9166e08d69c752354c42d3c7	2210	other	/usr/share/futo-keyboard-sailfish/sounds/pulldown_highlight-20.wav
916d3aff8f001d9ed0568ee18a91b64d0deb4d6241718d3e9d11b0f054b5538f	2210	other	/usr/share/futo-keyboard-sailfish/sounds/pulldown_highlight-30.wav
eeaa2ab6ee6564ca67b3ce1bb42886ff2cda0644b0e52ff4ba5de082ad3c1841	2210	other	/usr/share/futo-keyboard-sailfish/sounds/pulldown_highlight-40.wav
eefab3d0dfbd490bc01d437261c4f51f9520331db2d3b9c18d523041195f01dd	2210	other	/usr/share/futo-keyboard-sailfish/sounds/pulldown_highlight-50.wav
7b0562abeb74694229341e1ca9206c087c912ccf1d4266c8d0f19b21745f7834	2210	other	/usr/share/futo-keyboard-sailfish/sounds/pulldown_highlight-60.wav
fedee70829e6ae30270a398d7ae704ae6036323882b404afa687f26c4b5f161d	2210	other	/usr/share/futo-keyboard-sailfish/sounds/pulldown_highlight-70.wav
849a4ca351574dcec3b18f6084e5fd2f284dcef48d291626ed929314f379dd45	2210	other	/usr/share/futo-keyboard-sailfish/sounds/pulldown_highlight-80.wav
2a392ac4b1e9618c1882a3180db884cc74c1ef02c366485c50fcb7bb113bad3c	2210	other	/usr/share/futo-keyboard-sailfish/sounds/pulldown_highlight-90.wav
aaf1a41290060b0487430bbf30ca1708b622fc0655967d519b274fddc2bffa76	2799	other	/usr/share/icons/hicolor/128x128/apps/futo-keyboard-sailfish.png
07fe110585904d1399fcb01584d91dffcf03a7055122388f4a873ac20636aeb6	940	other	/usr/share/jolla-settings/entries/futo-keyboard.json
90e19d990ca436f03df30e521e767a36b5068222c7ace925411e3a81f8c4795f	1991	other	/usr/share/jolla-settings/pages/futo-keyboard-sailfish/FutoAboutPage.qml
3301b79041321c34f61875fb26811bce7d64ff7128239d1cbd19c9d82b3a683e	10873	other	/usr/share/jolla-settings/pages/futo-keyboard-sailfish/FutoAndroidAutofillPage.qml
81ad8af8e9e59e5b719b54faa3d51d86992ada43e9928ea652a301d77b5bcf7f	6197	other	/usr/share/jolla-settings/pages/futo-keyboard-sailfish/FutoAndroidCredentialPage.qml
a788d46f0fff17c93b6dee68c81168649b3a59013fda3aa3f63e2ad34d98ac72	14228	other	/usr/share/jolla-settings/pages/futo-keyboard-sailfish/FutoAppearancePage.qml
a9290f6454c5900d86a85ed27a34730859af2b2e02ce2ca4f83da21965110590	4939	other	/usr/share/jolla-settings/pages/futo-keyboard-sailfish/FutoClipboardSettingsPage.qml
cf6073bf4e84197bc1e51e91af479bf40b34bb1503a4a021480123558141574e	13860	other	/usr/share/jolla-settings/pages/futo-keyboard-sailfish/FutoContentListPage.qml
782ea8123f0db44b6daa34d3e76b5cdb3fc82f19e837c5173d103ed1337be174	2821	other	/usr/share/jolla-settings/pages/futo-keyboard-sailfish/FutoContentPage.qml
c8e339b2e25dcab4710ef7ed82674dadec69f47499d781e1568d420a3062c584	1158	other	/usr/share/jolla-settings/pages/futo-keyboard-sailfish/FutoContentRequiredDialog.qml
056f929aaa6706f91cab856a4476e2cb27e41e04824fcfef8a23a857049fe8d0	10117	other	/usr/share/jolla-settings/pages/futo-keyboard-sailfish/FutoCredentialPage.qml
25144ca4ccfe746ba8334eaa537d42ab51df26072db1154f46cc3f6a4964caf7	956	other	/usr/share/jolla-settings/pages/futo-keyboard-sailfish/FutoCredit.qml
f7f1b1c626414bc77e9cf5166fbe519bc7956f60e1d2be4b4d1f2a0016562374	19163	other	/usr/share/jolla-settings/pages/futo-keyboard-sailfish/FutoDesktopKeysPage.qml
79af9820cb57cecde46454fa763f867cbbcf76494813d733d6c21be4b09c1cbd	6062	other	/usr/share/jolla-settings/pages/futo-keyboard-sailfish/FutoDeviceAuthentication.qml
08deb250d29c362c6f4cd2945ead2faaad89f7f1c8504a458c8fecf640f4dcb8	622	other	/usr/share/jolla-settings/pages/futo-keyboard-sailfish/FutoDeviceLockInputPage.qml
8f45bb4e94de7e7934cc447bb0688e411894ae8918ba59679f84c171c67d7ce5	12140	other	/usr/share/jolla-settings/pages/futo-keyboard-sailfish/FutoEmojiSettingsPage.qml
2fe843c976472ddd7471abd71d93e85a134e1c5adcc998fc975cf656627689f5	7838	other	/usr/share/jolla-settings/pages/futo-keyboard-sailfish/FutoFeedbackPage.qml
a6e542954d7c841627eaca00c9766debe20e44d7ff75ae55eb5a056487d519ad	340065	other	/usr/share/jolla-settings/pages/futo-keyboard-sailfish/FutoGeneratedLayouts.js
75ca5e79ecf44f3aeb338811dcd94b7297b858d3d6746517eae1856381b6260c	7087	other	/usr/share/jolla-settings/pages/futo-keyboard-sailfish/FutoGesturesPage.qml
3f7c44c123d0f7a45fe9cf1fc3242363093ede7c36d047771a990858ff98561d	20851	other	/usr/share/jolla-settings/pages/futo-keyboard-sailfish/FutoLanguageCatalogue.js
90856c97d34b109e3a040f358e2a84b26a72aad1233336ffc74a62beb7dc7b28	6113	other	/usr/share/jolla-settings/pages/futo-keyboard-sailfish/FutoLanguageData.js
3214442fad3578a9c81505c0504dfdb372f1be968bb5349a81c70f252ae969cf	15669	other	/usr/share/jolla-settings/pages/futo-keyboard-sailfish/FutoLanguagesPage.qml
ff639165ff32d8bdd1670d6eeacbefc732280d025c1d00aeb0d37246311e99de	10295	other	/usr/share/jolla-settings/pages/futo-keyboard-sailfish/FutoLearnedDataPage.qml
702b86c366a879827d3d1e59672b4e8cd98453e7f9951d7b14132e8f383ac61c	38143	other	/usr/share/jolla-settings/pages/futo-keyboard-sailfish/FutoLetterLayouts.js
13ff4deed5254a588c3cb2d4bb958554a00eecf5c3d20160b7c8dafdf37409f0	5870	other	/usr/share/jolla-settings/pages/futo-keyboard-sailfish/FutoMaintenancePage.qml
b567ae65636879508ba8fe0365a8ce0bea83f1ef206b6fe50f98a2fda40155ec	2352	other	/usr/share/jolla-settings/pages/futo-keyboard-sailfish/FutoMemorial.qml
1129286d00df84c4e8847e61b41ecfedd5c39113ff87dafa2e7f690476761f22	4485	other	/usr/share/jolla-settings/pages/futo-keyboard-sailfish/FutoPasswordAddPage.qml
77eaff86e2a0e065fa73797df2c1da253b8756d7809d8597aa87a9c4df19df6a	5145	other	/usr/share/jolla-settings/pages/futo-keyboard-sailfish/FutoPasswordExportPage.qml
55d4b61d7a18ac6d121ec57d1828b8678738b18d3d80234051850ab0e2a069cf	6412	other	/usr/share/jolla-settings/pages/futo-keyboard-sailfish/FutoPasswordImportPage.qml
88b9082f5cdec7f571238db87a5a885c7188d286b8a42e7306b101fc0083007e	15318	other	/usr/share/jolla-settings/pages/futo-keyboard-sailfish/FutoPasswordManagePage.qml
77e2661a44eba3ac4aff290e71b49f5b0d1117e2e61790b888b6fa6b19f0826e	20900	other	/usr/share/jolla-settings/pages/futo-keyboard-sailfish/FutoPasswordVaultPage.qml
cff5ef65baaa5958deeca59036974ea0a513d4ae4fc21cdb2c06b0a96196cf1f	6679	other	/usr/share/jolla-settings/pages/futo-keyboard-sailfish/FutoPersonalWordsPage.qml
d8c59d33e70c1617a19bee41c16c07cf4b510ace6e0423a06da1dbcdc6af674a	12791	other	/usr/share/jolla-settings/pages/futo-keyboard-sailfish/FutoPrivacyPage.qml
6daabd7a3eeaaddbf4971a8a6e5e31bbe60dfd00cd4dc29d6abf70aef4474519	16868	other	/usr/share/jolla-settings/pages/futo-keyboard-sailfish/FutoQuickSettingsPage.qml
748d8431641359f3265ecb9176c51917f23366d4ef9758b0c6f8e257136f8892	1304	other	/usr/share/jolla-settings/pages/futo-keyboard-sailfish/FutoSettingsMenuItem.qml
bed30c2838f8030589efc4359fdbb54b7a944e5adc34ee75dce4de4cfca2171e	2455	other	/usr/share/jolla-settings/pages/futo-keyboard-sailfish/FutoSettingsTestPanel.qml
8e68856f8607c31af02bf78e5ccd713dd98b171c581c4efb252022d1637065a9	2226	other	/usr/share/jolla-settings/pages/futo-keyboard-sailfish/FutoTextInputSettings.qml
1a4cfa7a100766bc88f4c9696bdd31d737edf87909988132cd72cd839222cfb4	13546	other	/usr/share/jolla-settings/pages/futo-keyboard-sailfish/FutoTypingPage.qml
ba6227ee00a2c85088fa35aab5ac478b40c29765d4eb1ffb1f4dd954bfd4bd60	5341	other	/usr/share/jolla-settings/pages/futo-keyboard-sailfish/FutoUninstallDialog.qml
dc733c344295fac73fac683ff2e01c53a6409b410ac92390cf6ce87961b85b0b	6095	other	/usr/share/jolla-settings/pages/futo-keyboard-sailfish/FutoUninstallProgressPage.qml
d9558020c54bfba4f9d9424520421acc86cc7382f331cf96698e3dd14e8b40a4	4706	other	/usr/share/jolla-settings/pages/futo-keyboard-sailfish/FutoUrlHistoryPage.qml
7a437dbaa265e1dc770e6a178d9ea4f3e819454b90d8fd1e6295f4f276faab92	15507	other	/usr/share/jolla-settings/pages/futo-keyboard-sailfish/FutoVoicePage.qml
0e75377b8c73079b1d157d4f2624b84984eeb5267882238f54ea5507b1b0796e	18203	other	/usr/share/jolla-settings/pages/futo-keyboard-sailfish/main.qml
d531d185b78dab107e55fdf3742220c65488f15ae1588c40adfb805b62e6fe06	1848	other	/usr/share/licenses/futo-keyboard-sailfish/ALINA-PERSIAN-KEYBOARD-BSD.txt
3264be7e20e3fbf826bd54b86c7a68ddfb1c87813cc40db2a7779c0a78fa40b7	4864	other	/usr/share/licenses/futo-keyboard-sailfish/AMIRI-FONT-LICENSE.txt
ad72e09243323e1ee709b5d94c6253bb67f237a202fc6031997222aeecb2b5f3	1522	other	/usr/share/licenses/futo-keyboard-sailfish/ARABIC-DICTIONARY-ATTRIBUTION.md
a0c25ea3a015c68aab2fbae3536e8fa4f95703afe38ec95f7a13d316d0490abb	2359	other	/usr/share/licenses/futo-keyboard-sailfish/EMOJI-ATTRIBUTION.md
45e98b70ddf804ab3e35706415ddd2bb00011547eb7282428379b59e452c92c8	2236	other	/usr/share/licenses/futo-keyboard-sailfish/FUTO-COMMUNITY-DICTIONARIES-ATTRIBUTION.md
d63b22b25fb3ec8752e3a0c80955c42d32adf3b9009d20547065f8fd1e4ddfa1	1424	other	/usr/share/licenses/futo-keyboard-sailfish/FUTO-LAYOUTS-ATTRIBUTION.md
53ff8c634b44eff1f96fd88ded7a765a938d9a4c800f42322cd96d65c73836bc	1261	other	/usr/share/licenses/futo-keyboard-sailfish/FUTO-PREDICTION-NOTICE.md
1cb7bb3c9ff502c32aed996b3465d30aa7a0cc7e50f65a22d2512d51dc6ef6d7	3962	other	/usr/share/licenses/futo-keyboard-sailfish/FUTO-SOURCE-FIRST-LICENSE.md
7eda058c92c8f4d7b94295415811acc36cee7e2ebe3c425bfac37b59bb4faf90	35831	other	/usr/share/licenses/futo-keyboard-sailfish/FUTO-SWIPE-GPL-3.0.txt
0d723789853d89e377e49f1139a82eee2940ff6df6a7bb749f93ce0e31c410e2	5896	other	/usr/share/licenses/futo-keyboard-sailfish/FUTO-SWIPE-MODEL-WEIGHTS-LICENSE.md
9f01f8d922b2d4d6d15d6eb86292edf0d7823d9b962a27107b470464d720c52b	3972	other	/usr/share/licenses/futo-keyboard-sailfish/FUTO-VOICE-SOURCE-FIRST-LICENSE.md
6534207e1e8266005f3c224b254be91a8a93c9a53aacdb73df31d7d7afeb471e	1376	other	/usr/share/licenses/futo-keyboard-sailfish/HUNGARIAN-DICTIONARY-ATTRIBUTION.md
8db5958339e8f74e01c07cb56b53aaf721d7157447c8410381e67eaa2e3a4836	1556	other	/usr/share/licenses/futo-keyboard-sailfish/JOLLA-BSD-LICENSE.txt
76335e339885958d093e647e46fef3fba5a24b1387ce9d52178cdc4e0a42454c	47381	other	/usr/share/licenses/futo-keyboard-sailfish/LIBX11-COMPOSE-LICENSE.txt
4cb9404d3ee91f5766263486b2281418569297efa4b66d5f177f69d09ade57fa	9274	other	/usr/share/licenses/futo-keyboard-sailfish/MODIFIED-NOTICE.md
730327df3f8d1caf037089093c4d63855db9e8ddcb56245dd14a70ef6d9ed3dd	587	other	/usr/share/licenses/futo-keyboard-sailfish/NOTO-EMOJI-SVG-LICENSE.txt
3de7be6d93938c32fcbd607af8e82ad6755b9e025032b85f29cf756cc3aedfba	5155	other	/usr/share/licenses/futo-keyboard-sailfish/NOTO-FONTS-OFL.txt
addb4a91eb4e45d2ae0709a589852f8036eaae31fd92edf4f99e355154ebb006	20564	other	/usr/share/licenses/futo-keyboard-sailfish/OPENMOJI-LICENSE.txt
57dafc56b14bd5fa207fc21cfa3d09fa8a17d545f12501f2483907bd3de71ad0	2095	other	/usr/share/licenses/futo-keyboard-sailfish/PERSIAN-DICTIONARY-ATTRIBUTION.md
6e5e117324afd944dcf67f36cf329843bc1a92229a8cd9bb573d7a83130fea7d	1732	other	/usr/share/licenses/futo-keyboard-sailfish/PROTOBUF-LITE-BSD-LICENSE.txt
af4ad4393b3f1ad54c7fefc8fb889abb8486a93570c79e4fe5f8879fc448a179	823	other	/usr/share/licenses/futo-keyboard-sailfish/QT-COMPOSE-NOTICE.md
f9a2334e4c3695133d3d5cf5b7031f38648b755d7c95e137658469539adf4fbb	18915	other	/usr/share/licenses/futo-keyboard-sailfish/TWEMOJI-GRAPHICS-LICENSE.txt
220ba0e1c43b99530d2d5bdb892a99dca0989414f51ab695ecd90163eaa1ec3b	2033	other	/usr/share/licenses/futo-keyboard-sailfish/UNICODE-LICENSE.txt
4e95eb298bd57ae5a149723d6cedd6f01de294f0e1890e4a30f95339aa50ac0e	1079	other	/usr/share/licenses/futo-keyboard-sailfish/YEKA-ZIP-LICENSE.txt
413702c454f00c99b59b07254ddb6668f86351669d488318f1d7abf3604aadfb	6260	other	/usr/share/maliit/plugins/com/jolla/FutoHorizontalPredictionListView.qml
2e98e427ab35e053dcb712cf05a07629cc4c2bf7977e600fe2526cf6c4d98b4c	287840	other	/usr/share/maliit/plugins/com/jolla/FutoInputHandler.qml
e254dc58e4b94dccd223dde4520bd60652000e64c144be9e67e7a717043f7ef8	1312	other	/usr/share/maliit/plugins/com/jolla/FutoPasteButton.qml
eca43a2bfc3ef1697097fc56e6990d62f896c631e84abec0fa622647a89134f1	3945	other	/usr/share/maliit/plugins/com/jolla/FutoVerticalPredictionListView.qml
413702c454f00c99b59b07254ddb6668f86351669d488318f1d7abf3604aadfb	6260	other	/usr/share/maliit/plugins/com/jolla/handlers/FutoHorizontalPredictionListView.qml
2e98e427ab35e053dcb712cf05a07629cc4c2bf7977e600fe2526cf6c4d98b4c	287840	other	/usr/share/maliit/plugins/com/jolla/handlers/FutoInputHandler.qml
e254dc58e4b94dccd223dde4520bd60652000e64c144be9e67e7a717043f7ef8	1312	other	/usr/share/maliit/plugins/com/jolla/handlers/FutoPasteButton.qml
eca43a2bfc3ef1697097fc56e6990d62f896c631e84abec0fa622647a89134f1	3945	other	/usr/share/maliit/plugins/com/jolla/handlers/FutoVerticalPredictionListView.qml
fe7ab4215484f93bcb8ae3ae9d6b3ffae0c14d710baa28ccb1cc6537790ae6b8	4477	other	/usr/share/maliit/plugins/com/jolla/layouts/FutoBackspaceKey.qml
40f52f0f99cb9dd453c2c938c2317251466cb87f85e0b0eeffe67a67b6d869cc	29604	other	/usr/share/maliit/plugins/com/jolla/layouts/FutoCharacterKey.qml
20850e2eb4f3e9ef7c635257dfcf90e37bcad2616f7dedc6043c817fa59e6245	4347	other	/usr/share/maliit/plugins/com/jolla/layouts/FutoClipboardPanel.qml
da98aadd2d36788c442ca400f498e9660bf3c4309e38d79e9596d77a30fc4c8f	7067	other	/usr/share/maliit/plugins/com/jolla/layouts/FutoCommaKey.qml
dca66eeb15a3ed9f849f10b7425bfbe3ea5811a25be6a6294d805665c9cee3ea	6251	other	/usr/share/maliit/plugins/com/jolla/layouts/FutoCredentialPanel.qml
5b382845c98086cec013557740a2fb0e747043e3943a95014d25d9d02d98faae	7724	other	/usr/share/maliit/plugins/com/jolla/layouts/FutoDesktopKey.qml
f646fafa77fd459fec731e47c87f03fe7053428832844a869aa78fdb47fa7a33	2533	other	/usr/share/maliit/plugins/com/jolla/layouts/FutoDesktopKeyData.js
41df25402aedd83e93d392d265be4eced947aa5d98563b6d2bf927777b813c5f	1970	other	/usr/share/maliit/plugins/com/jolla/layouts/FutoDesktopKeyGrid.qml
e3caa4c604180c33b5931137c5171c0140b099fc5d0e5254a0fb7d9ff9ad49d8	2176	other	/usr/share/maliit/plugins/com/jolla/layouts/FutoDesktopKeyRow.qml
a1f7026c0c6a3fe9d4ea6dbea1c9725182f3bf41c54801c5dc3ee0d833db7b7f	3169	other	/usr/share/maliit/plugins/com/jolla/layouts/FutoDesktopToolbar.qml
dc2b6a1f9c544dc17ac6790416f8423784208d797fc63ac6f45eab080c1d9c6d	2769	other	/usr/share/maliit/plugins/com/jolla/layouts/FutoDesktopToolbarSide.qml
62faa93fc5258780b042c3e2c26ff05d071e174aa01b735811fcb3291263dbed	2019	other	/usr/share/maliit/plugins/com/jolla/layouts/FutoEmojiBackKey.qml
8fef6a3c6c05df8f1fcb6727d2ae3d3a96f32d34b626deca5953cc34705a7caa	193334	other	/usr/share/maliit/plugins/com/jolla/layouts/FutoEmojiData.js
e77919606807310f3664f492ecb08a7cbd353fabc4a88f7b7f11db234c03245d	10264	other	/usr/share/maliit/plugins/com/jolla/layouts/FutoEmojiGrid.qml
3ccbd605bc2bb059368a7fe7b3d50277128b2969d7978fa6063d5e673c0c0b6c	7529	other	/usr/share/maliit/plugins/com/jolla/layouts/FutoEmojiKey.qml
56a6011babf9342e76a8dd03117924346135ee9f27ec0e03653dfc85e9cb90cc	1192	other	/usr/share/maliit/plugins/com/jolla/layouts/FutoEmojiPanel.qml
3a0b5166145a437864ef5d88fcc31506ff3cb8c69fa44458718ee39191c064d7	2592	other	/usr/share/maliit/plugins/com/jolla/layouts/FutoEnterKey.qml
0ac4bc1c192731f2774fa0bad388311e7e8f3ea6b99437d43988f6c850ade850	8435	other	/usr/share/maliit/plugins/com/jolla/layouts/FutoExtendedSymbolGrid.qml
2c239dd4c1790451a87e0a15ac1ebdc57a6994ad0fd9527deb378dba4bfec669	6289	other	/usr/share/maliit/plugins/com/jolla/layouts/FutoExtendedSymbolKey.qml
0adf4daac5209a0bbf08faf7eeea37a7cfef158abbdcd89352170577c13ae855	2028	other	/usr/share/maliit/plugins/com/jolla/layouts/FutoExtendedSymbolsKey.qml
a6e542954d7c841627eaca00c9766debe20e44d7ff75ae55eb5a056487d519ad	340065	other	/usr/share/maliit/plugins/com/jolla/layouts/FutoGeneratedLayouts.js
5527e486088658bbfa1c4bb4a39daef70f18b38c7b9933126f299abe04eb4bfe	1599	other	/usr/share/maliit/plugins/com/jolla/layouts/FutoGeneratedNumberRow.qml
9594b3659f33a188906e8ad78cb15ca63cb5bdd918504d9b3086f27e96d1fe80	27754	other	/usr/share/maliit/plugins/com/jolla/layouts/FutoKeyboardLayout.qml
3f7c44c123d0f7a45fe9cf1fc3242363093ede7c36d047771a990858ff98561d	20851	other	/usr/share/maliit/plugins/com/jolla/layouts/FutoLanguageCatalogue.js
90856c97d34b109e3a040f358e2a84b26a72aad1233336ffc74a62beb7dc7b28	6113	other	/usr/share/maliit/plugins/com/jolla/layouts/FutoLanguageData.js
c454f170eaea379986fe7291d54e4b6c8a3115abc7b027dbda796290307a88c4	14153	other	/usr/share/maliit/plugins/com/jolla/layouts/FutoLayoutEditor.qml
d78fad58a73804d437ca71518775bf3c8350aca6f9560ccc15fbcf6c126b6814	4964	other	/usr/share/maliit/plugins/com/jolla/layouts/FutoLayoutKey.qml
702b86c366a879827d3d1e59672b4e8cd98453e7f9951d7b14132e8f383ac61c	38143	other	/usr/share/maliit/plugins/com/jolla/layouts/FutoLetterLayouts.js
7e5800d5151dbdb2116363a6ed0c9d4646e78b4ce02addc582af0bfbfab6658f	2634	other	/usr/share/maliit/plugins/com/jolla/layouts/FutoLetterRow.qml
aeb29c48b75cd671ac56677e2331fb3ae94fb17a38ebc6a9af56018963ee5153	946	other	/usr/share/maliit/plugins/com/jolla/layouts/FutoNumberKey.qml
0c72c36e688353be7e3730f1532d9a3ebc848558ae2333bda229cff6aa6aabba	4846	other	/usr/share/maliit/plugins/com/jolla/layouts/FutoNumpadLayout.qml
44639d88a07c660ba4c6d58543f51043a925aea6861d8213eae296fc0f720971	5849	other	/usr/share/maliit/plugins/com/jolla/layouts/FutoNumpadRow.qml
eb029d5b56e2765d1fbfea65be68e7586e3f4ee343c9a59f462308f92ad9334f	2836	other	/usr/share/maliit/plugins/com/jolla/layouts/FutoPeriodKey.qml
3d03c1f055c30212db4709cd11e4af7d9e9967a0edecc5d5c9b17013099f1ac1	1958	other	/usr/share/maliit/plugins/com/jolla/layouts/FutoPersianJoinerKey.qml
8a406bfc431e7681e20983995cfe30d18e9e33ac3a0f2a322867dc7d93d0ced6	56847	other	/usr/share/maliit/plugins/com/jolla/layouts/FutoQwertyLayout.qml
f0957e31bfa56f3b48f5389d00c30bfc84c35f9936f697301472f9fb2682ff6f	2884	other	/usr/share/maliit/plugins/com/jolla/layouts/FutoShiftKey.qml
b317c29137b3ff2c2bc04175b45c9b7dad3b759a6b4a2fd6cae9b241e21255b5	19285	other	/usr/share/maliit/plugins/com/jolla/layouts/FutoSpacebarKey.qml
c958d9a015da33359c20df57f5b5a1cc294e73a55a83b564dc69002cf3b6de90	1810	other	/usr/share/maliit/plugins/com/jolla/layouts/FutoSpacebarRow.qml
4d02b1d5cea063a46408bb96c9296013343b130fd2d04bf35afdd858be06fda8	43239	other	/usr/share/maliit/plugins/com/jolla/layouts/FutoSymbolData.js
9e8d9a49ed1c2bd8cb3824f2500085b951e87dd5b6cfb246d2ca8ce1773ca1c0	3364	other	/usr/share/maliit/plugins/com/jolla/layouts/FutoSymbolKey.qml
0e30dcb9c48089aa2ac12aa3dd4d4b62ef92eaa88e9ce9855a6722137e532597	1783	other	/usr/share/maliit/plugins/com/jolla/layouts/FutoSymbolLayout.qml
f135b12e01728c5c948e2726a1e7f883a597ea0972cfc520844ef90a6415904a	4876	other	/usr/share/maliit/plugins/com/jolla/layouts/FutoVoiceKey.qml
4114aa4a83c7680e98c6920b9075a9d34941deb2b5e23cf5900031165d1f6ef2	39	other	/usr/share/maliit/plugins/com/jolla/layouts/futo.qml
91a619a9cc61cad1fbbf449f37273970d4ab7f0ee8bf56b5013ef233265ddb27	68	other	/usr/share/maliit/plugins/com/jolla/layouts/layouts_futo.conf
b2154737404423d3fc00e5662e8e6ce0de4d97ebe2e891d4a24d14c420cf74ee	958	other	/usr/share/polkit-1/actions/org.hb.futo.keyboard.policy
85610a0787df1dcd398489bdfefb4a6936f8ef13a8d6bc95a003626652e81f7d	2207	other	/usr/share/polkit-1/rules.d/49-futo-keyboard-secrets.rules
848dff5494108d30d744d34c8261bcd3ee1c000a43360543f5fc9983d31f5a23	1971	other	/usr/share/polkit-1/rules.d/49-futo-keyboard-uninstall.rules
