cfc91f71b8e513acdb566cde56be38cc15a6c9df1df359d968fe0882e025abb0	338	other	/etc/logrotate.d/tor.lr
73bd968ebcc0fb386a706b6f2fe37084d85e1cc2eecf6a9f017bef1dc7c3376d	138	other	/home/.system/var/lib/tor/torrc
df48ced714c6adf818999bc8d095a9667b34b2807e9b6439c6ff6d86906f5435	11790	other	/home/.system/var/lib/tor/torrc.sample
2a843e67acbb417e2a32e4bcc6822c372b32ca4d25b51ca75a0ba810ed5412b7	3484628	elf	/usr/bin/tor
1ed8c469d6438dabb806dee700cbb36fad419b40149c57fe33302b306117da16	505764	elf	/usr/bin/tor-gencert
38e8a74b27a0602c4347aaf48a7df9e43b6cf1a4ddeb39bd4bc1fa4ed1f96ab1	431008	elf	/usr/bin/tor-print-ed-signing-cert
310daaa17e1dae1ba2f0315121ec66a1119fc2dd87c464e9c5f6d88cee18e6e4	245236	elf	/usr/bin/tor-resolve
b3b5145dbbd20acd0a420d47e0e5d40dc42a9f59a0bc8a6b905f4a8980da21a0	5552	script	/usr/bin/torctl
838be88549d5700b9349dcdd2abac1c7c2a30b6b23b37ccc448ce7ae2378276d	1031	script	/usr/bin/torify
ab3908aa9aa4c2544836caa6e2483c1e8493e915c0e576ccb9aa925f28dc883e	226	other	/usr/lib/systemd/user/tor.service
8e1e711e51db6102e3e57a6803753f646880e26cad7a2bb3e96d33a4e44fecde	1646	other	/usr/share/man/man1/tor-gencert.1.gz
e47dd8dcec2d47896cb7a0692261342d5adb328636f376feb249fddc594f2e38	817	other	/usr/share/man/man1/tor-print-ed-signing-cert.1.gz
5bc75637f0ad8334c9af6626a28b9bfa654f4dc7411a7a2ff1af9bceb2897995	1013	other	/usr/share/man/man1/tor-resolve.1.gz
2913cbd770cef8daded8afa7922c573a6f4009f67d3d1a22f9ee755054dd0800	57699	other	/usr/share/man/man1/tor.1.gz
e86cc964c065e99032153ba860bedb480a282f02d01f755446d5cb24c9cf6657	774	other	/usr/share/man/man1/torify.1.gz
e55526d2991de956cbc403e7bfab372f633b8472fb3926592826e2db5cf3418e	9725448	other	/usr/share/tor/geoip
2e3af25ccfcd2b317539f5cd61260302dbd11331ce31b6e1bfe91ebe102e38a9	16271359	other	/usr/share/tor/geoip6
