5e7d8211244e34ccd837b83dec8989f9e5d32e40b2bd0d98a24eaa26bba59ba6	191212	elf	/usr/bin/harbour-dimeora
bb9ed8729156eb054ce3ea98744de92d67387dbd7cec9b2b54678519c974f86d	262	other	/usr/share/applications/harbour-dimeora.desktop
df1644809814556b936771cf7de7c56176d72283d8e462a83cb3f96b75d16ade	963	other	/usr/share/harbour-dimeora/harbour-dimeora.spec
e3c71508ecf555f38e689f421efb61b7a6031931b6cc8685bc0806f9438c297a	2240	other	/usr/share/harbour-dimeora/presets.json
9d62f294f624153a5f7e20dc1078cf5e8e6e3c7c5915ed61b7b60d635a644778	6474	other	/usr/share/harbour-dimeora/qml/clocks/AnalogClock.qml
2400f2997d36c1b3152658e6141202bead2a0d3e41dd0a96f50b333b7ff0d7c9	3259	other	/usr/share/harbour-dimeora/qml/clocks/AnalogClockCover.qml
5443d9eee65f185ba0cd83c56925e5eb5af9e7e0ccd307f7537e853741bfaca3	1436	other	/usr/share/harbour-dimeora/qml/clocks/AnalogClockHand.qml
bf1db3823aecd2f34c60976e9d2b4e148b6eb2fe6d9f6dd6ff3b924fe7337e9b	1651	other	/usr/share/harbour-dimeora/qml/clocks/AnalogClockHandMotion.qml
aa661fa0675753f9a4cef15d517a012534b3495bb208701b83f5f18d89a947a7	1984	other	/usr/share/harbour-dimeora/qml/clocks/AnalogClockTime.qml
32e955bf35857295d2216f2eb1e34df95a0c65961a840ec810cf3a9e5cc12840	7250	other	/usr/share/harbour-dimeora/qml/clocks/ArcClock.qml
e8f3017bd57ca56ff49f947954d48723656cb7160646e7eff7308c455c6eb6fc	1016	other	/usr/share/harbour-dimeora/qml/clocks/ArcClockCover.qml
08a9db3b6e85ebad3e7fd9e7faea3f9f653013dc0a5a6b991e199e4e6de97c9b	9941	other	/usr/share/harbour-dimeora/qml/clocks/ArcClockFace.qml
3bc9b229f52dee666e9e9624ee1c66ab6822511884e36927e9fadbef9bdcd968	2028	other	/usr/share/harbour-dimeora/qml/clocks/ArcClockTimeModel.qml
9cf0e5697b721c2f5cd5d1c8ea93457bca981a4469e3801a5af612cead3fd1e1	5274	other	/usr/share/harbour-dimeora/qml/clocks/BaguaClock.qml
4be0b28cacf82cfb11bfbfabc0309d2be1f7f387f1cd55c670395e18a347c6bf	806	other	/usr/share/harbour-dimeora/qml/clocks/BaguaClockCover.qml
59461d5e65a9ca8e17eb8ff1fcabd1e441fa7e0e14243f086d4fdac461e5565d	17549	other	/usr/share/harbour-dimeora/qml/clocks/BaguaClockFace.qml
079981bdea55f5f8dd65b254617b39c7d8b6907b7549d2090764c2f62ab11cee	1679	other	/usr/share/harbour-dimeora/qml/clocks/BaguaClockLayer.qml
1522a5504fed6e1aa3923b055c3fe8e1a880633a655b4508c90a814aa7b7e3cb	16418	other	/usr/share/harbour-dimeora/qml/clocks/CalendarClock.qml
16fb7d55a80284a0414bcb30fdf6b3e8b59229f3962332e1fabd6fe40f76a81e	782	other	/usr/share/harbour-dimeora/qml/clocks/CalendarClockCover.qml
336169b4d78ac55c564667befb0592fe9ced828216261125cdcefe1724f49a25	4846	other	/usr/share/harbour-dimeora/qml/clocks/CalendarClockFace.qml
47f93c2a5595d3403b32810b8a2293d88ae8f733af0f6bff6fa7d898f61e9ebb	1579	other	/usr/share/harbour-dimeora/qml/clocks/CalendarClockHand.qml
da4083d8cc15f6eb5fa79fee35dcbcde6ae512b061994515a89c27656297c1df	166	other	/usr/share/harbour-dimeora/qml/clocks/DigitalClock.qml
a191b018d87fa0663b3c044c2d04529ed32ab04b2f3c39416df30f093799f999	147	other	/usr/share/harbour-dimeora/qml/clocks/DigitalClockCover.qml
015d81d94e04e9f77087a13a167c0a844bbe4c664e4b6f15fd8be74a1cc457fa	17196	other	/usr/share/harbour-dimeora/qml/clocks/DigitalClockFace.qml
e295dd6c17a4233f27cd12905cb26aa996b5d54c4e3c5babd190df977c5ec510	6361	other	/usr/share/harbour-dimeora/qml/clocks/FlipClock.qml
438afe5563dd0bbfce3e97cf79bca746e04e88cd6706b820184b6d9bd354a979	1848	other	/usr/share/harbour-dimeora/qml/clocks/FlipClockCover.qml
d5d6491e02818cbb516cfe07e74a5f48971ec64801e2af566249e7cc3a921608	997	other	/usr/share/harbour-dimeora/qml/clocks/FlipClockTimeModel.qml
5375cc20f5e931e5003dad360170123711ccf2cf303e4332477a14bd174f334f	6784	other	/usr/share/harbour-dimeora/qml/clocks/Hourglass.qml
8337b9b23062f40c1b764b2937e3e926a031f6445395b5d475004fd15e66709a	337	other	/usr/share/harbour-dimeora/qml/clocks/HourglassCover.qml
ae4794176f3abe2bce79f6f025e10f4251585024788f75900dee61a0b73556a8	9203	other	/usr/share/harbour-dimeora/qml/clocks/HourglassFace.qml
6e3803f9f3604a5d62209109331ff5cce878ff17ab8e843a9d5505ac4b3b1f73	5989	other	/usr/share/harbour-dimeora/qml/clocks/RoundWatch.qml
cd3b6c66e5e93336fa544f10026c6cc61cf5bb98c3f95f6c287056f0925f9b1a	3893	other	/usr/share/harbour-dimeora/qml/clocks/RoundWatchCover.qml
c4fa60fab159ad7c39effa82caa7d211b4603583d2a96467eb79ca0b9b06a5f4	1195	other	/usr/share/harbour-dimeora/qml/clocks/RoundWatchTimeModel.qml
d8c40f887f63eb26cd1793b4feb5898b33e9c1e232d7070532a2c2f69fbb2e1f	22568	other	/usr/share/harbour-dimeora/qml/clocks/StarOrbit.qml
b373bc185912853ccc22a5544e6db7755073ce756aaad3cbde12ba2a44586978	2697	other	/usr/share/harbour-dimeora/qml/clocks/StarOrbitCover.qml
3557875f215b98a7120934ccb95ab064e2c61a61601e8d054428b051ffd1c02f	16935	other	/usr/share/harbour-dimeora/qml/clocks/StickyClock.qml
12f3ecb5947f8e0fd86803b6f2a3b9f39a13db3f689c30d42e9f40608e56031b	2957	other	/usr/share/harbour-dimeora/qml/clocks/StickyClockCover.qml
51c85515e56c92d081356f0e8199c61a4d65e8f9c993423f017ebbdb4cbf603a	1712	other	/usr/share/harbour-dimeora/qml/clocks/TimelineClock.qml
8f4aa3a84b94b25dc530f9863cb58cea09d426bd3bb61f500ab02c8afcfc6a23	3275	other	/usr/share/harbour-dimeora/qml/clocks/TimelineClockCover.qml
cc8650ff11a3905b47d041f0ffafe4a58dcfd11015887eab632351f238bc4fa2	9589	other	/usr/share/harbour-dimeora/qml/clocks/TimelineClockFace.qml
6e252405c935041e3a8cd52d8d6d3fc72b6b14516cfc18ed3be55cafbb72a273	4337	other	/usr/share/harbour-dimeora/qml/components/BurnInSaver.qml
a694f8a8e6b435f852d578d9a423f70605a122867c4d6395cb1847f9f880f34f	7071	other	/usr/share/harbour-dimeora/qml/components/FlipDigit.qml
792353370a3ec077da8aa905ffb83126f86b2cb2a00335677c0db761b531b356	1109	other	/usr/share/harbour-dimeora/qml/components/UIBusyIndicator.qml
5af6f291ea93bcdfbf0b1a30856201e8cf6e65eecbfa4a3f46f7e4db6f6e36ff	10498	other	/usr/share/harbour-dimeora/qml/components/UIDockedPanel.qml
f7b382b59343253868b957024987d8cb753f025715a7a61d53c5ed0b0e350fa6	2987	other	/usr/share/harbour-dimeora/qml/components/UIImage.qml
03aad0f0f9f3dee8fb626189f7a069b56607adfe509cdd992c91a116dc8f9ea1	8559	other	/usr/share/harbour-dimeora/qml/components/UIToast.qml
d52e92bc73752c6e9b475acd49e88b903ed570cc0f4cb2b867cff7ff988c1e09	1201	other	/usr/share/harbour-dimeora/qml/cover/CoverPage.qml
569e61d2dfe3e85c9124fd7368d86cbf064308d84e78e64046ed2c96ee18528a	1545	other	/usr/share/harbour-dimeora/qml/harbour-dimeora.qml
9a1235fc5b928897ec1dcd5cf8c8c7ee81ea2cf6a81fa564acf916859cab8d31	32062	other	/usr/share/harbour-dimeora/qml/img/harbour-Dimeora.png
010aad128b693077c87fcaf34b2d92f5e129739e3a26c5a3cc3d0d0387773d4d	463	other	/usr/share/harbour-dimeora/qml/img/icon_loading.svg
4fac556191ede939f7ea1fb099add89136eccd4192cb1db7acaf8527d7d0afd3	30624	other	/usr/share/harbour-dimeora/qml/img/img_splash_text.svg
d1efec1b4ecaec0a8133ca74c8ae15b390be2731eda85e709d8c4956fb550df5	7393	other	/usr/share/harbour-dimeora/qml/pages/AboutPage.qml
b7df1e9cc975605ea8749e1a0eca37c8ce63e2fe8a27b354e034d3dcd89ceed6	11600	other	/usr/share/harbour-dimeora/qml/pages/MainPage.qml
bef322f45697f49302ecd60b812c6fc48567794c2a5877c9c9b5427635e42cc4	8895	other	/usr/share/harbour-dimeora/qml/pages/SettingsPage.qml
695816857046962faf0cb9a34816cae7644521633d79139d522066ba9b8a91f4	8108	other	/usr/share/harbour-dimeora/qml/pages/SplashPage.qml
d24b7c6f9b4173d6d59e5a1d6e8e4e0bc2e9710a59daff61330e587cf5611f3a	4275	other	/usr/share/harbour-dimeora/qml/values/colors/AppColor.qml
26c735c71a2d23aaf0f4ef4f3b8e18df0dd5e4c47fa7c96b2ef7cc123dd96418	37	other	/usr/share/harbour-dimeora/qml/values/colors/qmldir
8229b983afe6fa1124194e6384f1dbaabe3efe47724f77a48593e1dbabfca834	8364	other	/usr/share/harbour-dimeora/translations/harbour-dimeora-de.qm
002746e3424c4e031765a1e9f785491fc4150f26ba492e7cd328b41ff455557d	7727	other	/usr/share/harbour-dimeora/translations/harbour-dimeora-en_US.qm
97b3e3c16cafab2765a6d226ca044838779a14e417589f59cde589332f64fbcd	8070	other	/usr/share/harbour-dimeora/translations/harbour-dimeora-es.qm
99978302fb31f0173b229cbe1730dc8774ed40d762083d4a3a07487d54b348b4	8258	other	/usr/share/harbour-dimeora/translations/harbour-dimeora-fr.qm
e2d76c669a4799e76b70f9dc315e413330e47929d51e2fa4b470170502f26fcc	6240	other	/usr/share/harbour-dimeora/translations/harbour-dimeora-ja.qm
f1d3356fc6c4d70c7071c3f87a6bdd510b38de94560055cee3d109e9dfa49fe7	7826	other	/usr/share/harbour-dimeora/translations/harbour-dimeora-ru.qm
c95b4f9c835f8cb74ed1244fc606ad4a435c5ed40247bdd94b98adb6536d3a10	401	other	/usr/share/harbour-dimeora/translations/harbour-dimeora-zh_CN.qm
2ac557bdc3e6403bb06e6480b9607bf21f66761452b0c6fa34871640018bcd3b	3468	other	/usr/share/icons/hicolor/108x108/apps/harbour-dimeora.png
7ca2f83e36e308dfccf4667b453650923e760127526a59412112132a915dac2c	4212	other	/usr/share/icons/hicolor/128x128/apps/harbour-dimeora.png
e3c988dfdc3daf482c9a9e71c6e396dc0eacc5edaad95baf1cb3a33508a4c57c	5685	other	/usr/share/icons/hicolor/172x172/apps/harbour-dimeora.png
d1372f563b8f5b363425599a13d269cc2e417aee3551587ef8f3f4f648f9b01a	2863	other	/usr/share/icons/hicolor/86x86/apps/harbour-dimeora.png
