ac6a4d6dc1e951e213a2b8805e42b6490fef77739d1802ad62f8c14dde33f206	366192	elf	/usr/bin/Vapaamin
40169f73f01481a2004677923d8629215238d27d9ce4bfc8bc1223997217e77b	87924	elf	/usr/bin/Vapaamin-daemon
a760f1b52e98f8a179e06870813c29878fe6918496a48fff6cbde267d3208322	374	other	/usr/lib/systemd/user/Vapaamin-daemon.service
1df48072baf34171aefde3c454ae7b485e0104aee2abda9db72a6287e97f3d81	234	other	/usr/share/Vapaamin/qml/Vapaamin.qml
6769e6e2fe040c853100d17f26a103d541cabb64039f124ff109e39a6c046758	161	other	/usr/share/Vapaamin/qml/cover/CoverPage.qml
8098a649f35aa1390952d16f4274890fe096fd3cdefcd46555644e8bd2efb8d1	11182	other	/usr/share/Vapaamin/qml/pages/DiscoveryPage.qml
9959b510b15d18937848ad13007e30459d2e993c67e564badbfc18f935695c85	16	other	/usr/share/Vapaamin/translations/Vapaamin-de.qm
13947d1e796851ffefc90befd07361022aba2ebbb24bf2e40844fad35776200f	1525	other	/usr/share/applications/Vapaamin.desktop
dc8147a7f5fded3b45809a75438c7ca468e9b3ea4e3f94e613c0ba3a84d96452	12241	other	/usr/share/icons/hicolor/108x108/apps/Vapaamin.png
fbf5c6600455bb38c023c8d6b7afd8bf4885683ab1037d9d5f3f2ec75fe05269	14112	other	/usr/share/icons/hicolor/128x128/apps/Vapaamin.png
93e8afe5fc056d276626215775a579cc330481624a7d3ba35201e915930c39e4	17056	other	/usr/share/icons/hicolor/172x172/apps/Vapaamin.png
137cd52991a7de597154fc0a063e2425e83c0f0c34fbbab1e8fa555df155f453	10680	other	/usr/share/icons/hicolor/86x86/apps/Vapaamin.png
0569ddebb28a6015dcc75bb7df802f69755c2e6079c2b41ae2530857375caec4	34	other	/usr/share/mapplauncherd/privileges.d/Vapaamin-daemon.privileges
