65f949414aa7467a7307831454ecf0e0cd5fa258f25ac1411f0fae51a2125dcd	952088	elf	/usr/bin/harbour-submusic
580be62c50f6fc07d43f134c683ed2ec091e617c9911748193a46ecf0f29c542	290	other	/usr/share/applications/harbour-submusic.desktop
0c7df5a925701cf83142f0049d286a8f65d9fba45fce972a1f7c748cee7f488f	3292	other	/usr/share/harbour-submusic/qml/covers/Cover.qml
085b3780019dc0d19f00f4813ced0d2297023e75dfa5fa6c76f7331a96d8b2d7	30372	other	/usr/share/harbour-submusic/qml/harbour-submusic.qml
46f8865c78df16e5566f51c98326aea17575a98b0bda94b13a72928495d0db02	54	other	/usr/share/harbour-submusic/qml/images/vinyl-cover.svg
446ecd4151499b94eac2f1a26334998a91c68fcbf876f0bd8cfc89701e05473e	3849	other	/usr/share/harbour-submusic/qml/pages/Account.qml
b8431926688e9b73ac77fbcfef417407ac0380c28611fbce36b2c2c948524d4b	18756	other	/usr/share/harbour-submusic/qml/pages/AdvancedMain.qml
a12e6cfe7c3f28d65323a9df3af5d537b2ea90f638226d11747f03c0c0208301	4737	other	/usr/share/harbour-submusic/qml/pages/Album.qml
8518f2f4bd0ea97d1eacbba142ad8ca67677c5f1629c5906c20bc286636b8af0	1118	other	/usr/share/harbour-submusic/qml/pages/AlbumArt.qml
494cc542fff5c9b56bd901f1c4bf144b2b4b9e155d14ca0fe8401266d775985b	7293	other	/usr/share/harbour-submusic/qml/pages/AlbumSongs.qml
975e8779a914d75dae1b987342fbc7083a577aebbb3bc4ddb83cef6ca57ea4b1	3889	other	/usr/share/harbour-submusic/qml/pages/ArtistAlbums.qml
baefe81d8a675a894e148ace34ae6a57a9644c8aa5b74a35259618ca0c20dce1	677	other	/usr/share/harbour-submusic/qml/pages/Bookmarks.qml
4af2afaae5ab201247bbb685620137849ca368992b51f244cd859611cc423585	1928	other	/usr/share/harbour-submusic/qml/pages/BrowseBlock.qml
5837ec1eeef6046e9ed35aa3caf30cf138bdbcb945f200a2ba92199ea10172ce	2613	other	/usr/share/harbour-submusic/qml/pages/Changelog.qml
6c85ff0738a6fabf94891bf5f95a5c489ec09c372281bac4602a27440995a9b6	981	other	/usr/share/harbour-submusic/qml/pages/DetailRow.qml
2cac66bd6521e4f97f77bffc165373df904065a6e24f511aec156a92aa60d353	4981	other	/usr/share/harbour-submusic/qml/pages/Downloads.qml
e5a3956cfac7accc8f0216097dc8c7091157d02ed107e40687c266100a8824af	1825	other	/usr/share/harbour-submusic/qml/pages/Filters.qml
d4f9b352cebb7cb46a56b3c842b3faf65c953abf7a5bb4db3cb8f11323f0473d	7494	other	/usr/share/harbour-submusic/qml/pages/GenreSongs.qml
4feb712c5fda83b3ccf87d189a3c800b480944d4f7c7b786d9a02bcc322e4577	12767	other	/usr/share/harbour-submusic/qml/pages/Help.qml
0c8e83db4c013dc9680216a9990e8e27293cd9c04e7d8d59d53b3a4419ac8d0e	1882	other	/usr/share/harbour-submusic/qml/pages/HomeTutorial.qml
b7bd9eae710554647f0f4bb5b8184cdd3a9531b6a4b8fac413c467963d8305ed	13732	other	/usr/share/harbour-submusic/qml/pages/Login.qml
2067424a12f44928a768cb2c3629d326ab5b64d4d946a0a5b3e994cc6ec86043	2684	other	/usr/share/harbour-submusic/qml/pages/Lyrics.qml
e8861a0bd7b22fbe48b4e44fdbf2d302ed7f5ced79976e1b498987b884b55dde	16408	other	/usr/share/harbour-submusic/qml/pages/Main.qml
8cb0b4c4a3c4b5837b0af53abaf950dcd8dd4b7e988938146af9c189c6c3c0ae	15038	other	/usr/share/harbour-submusic/qml/pages/Player.qml
665afc6ee1af6d0d25acf1a17f9ede3e0e8da1805ad809376d07e32a85e38e86	5590	other	/usr/share/harbour-submusic/qml/pages/Playlist.qml
e36bcdd3df3354279800423cdc50d1f5398d0ac32e9300652e432d1ae8160cdb	5229	other	/usr/share/harbour-submusic/qml/pages/PlaylistSongs.qml
f2f419af65f905413db1ca9aa701899951d15ef10fe5b9b54bdee50346acc498	8104	other	/usr/share/harbour-submusic/qml/pages/Server.qml
2569f1ce6c99a5b693d181284c0a1a07d02f07b040a0a29d5ec284dc833d9bdf	10561	other	/usr/share/harbour-submusic/qml/pages/ShareDetails.qml
fdcb38b28fecebc4e3c745af4a1fd6153c2f9b125e133078f3beab3582203128	13846	other	/usr/share/harbour-submusic/qml/pages/ShareEdit.qml
2507d1bd55130bd820bc460438e40fb5fd7430fb741acbc83f14dc3f57db97e0	5490	other	/usr/share/harbour-submusic/qml/pages/SharePicker.qml
6b3efb993824b94aa5b32d1966a2ae965217ff8d9bd78d9480714ece10824ab2	5447	other	/usr/share/harbour-submusic/qml/pages/ShareSongPicker.qml
eeb92233f62f55282582bc2826c0e9c4a6a74f29923b72127d94c4aea8e01cee	6777	other	/usr/share/harbour-submusic/qml/pages/Shares.qml
a6c40b5cb54899ddab34b1eac49e92908230f8b41422b46ffe738a7b3e4f4e30	13280	other	/usr/share/harbour-submusic/qml/pages/SongDetails.qml
aec3abaeaaca74dd89959650443ec7bbf70e73caf21bad790708b2d20014f97f	2626	other	/usr/share/harbour-submusic/qml/pages/SongRow.qml
26ed48ea18fbfd0468a467736bf01bcd915351b4ff5813620e5d19046c7f672a	1683	other	/usr/share/harbour-submusic/qml/pages/player.js
c49c8fb9355aba5131b05f33df64ade9f078aca2fc796e0e9862ea71b3b63796	2246	other	/usr/share/harbour-submusic/qml/pages/settings/Api.qml
6f967ee62853d6bbf3a749e5aba4c3fd0fb533bd504062c77c4bfa8f10e0ed83	2500	other	/usr/share/harbour-submusic/qml/pages/settings/Appearance.qml
9e3f2c4524f66a0d7af27611cddac7aa9b8a17f2be220f52175b9742f6239f44	3471	other	/usr/share/harbour-submusic/qml/pages/settings/Caching.qml
853cac2dc4ae90841bff18759e2f1f0e6931ebc9acc60ec191b29fbb0489abc0	1868	other	/usr/share/harbour-submusic/qml/pages/settings/Contribute.qml
bb882c7f70fa40e39b79a1c800d8010239ab44b53d557288200d054b8eba03c4	2124	other	/usr/share/harbour-submusic/qml/pages/settings/Downloads.qml
be3ebb98ce484b86b09a01d61f3f355b7b3500342d2de656d16fea5c7c3270c2	3883	other	/usr/share/harbour-submusic/qml/pages/settings/Library.qml
f135a0ab7ce863e53b3c3c1c4542732ce5b45e20d1ee3a76565fe831eb65059a	2718	other	/usr/share/harbour-submusic/qml/pages/settings/Playback.qml
db6682fe978d4abe283a1b7544579369eca9ea2043453331653e2be8e29dcdbd	6193	other	/usr/share/harbour-submusic/qml/pages/settings/Settings.qml
5c896533ee895b9161a6e832750ca19143f7eea166c64cf99e2b128164ff348d	729	other	/usr/share/harbour-submusic/qml/tools/logger.js
d72700c75a4d0c28965336dc285539cf4eea2909397b4dd87602c2f60088aeee	2501	other	/usr/share/harbour-submusic/translations/harbour-submusic-pl.qm
fc66670ef1e95832f160be56c3028aef7aec36f20700681d33aba61678201773	2527	other	/usr/share/harbour-submusic/translations/harbour-submusic.qm
ac5b2a0fb733eba7589d918d9eec153a14d319e0332de5fbb87b534f19c57d68	4088	other	/usr/share/icons/hicolor/108x108/apps/harbour-submusic.png
a153b0b92f3828ca0e5d6f52b51644f616042064972583fe2b9c17135b6287a7	4602	other	/usr/share/icons/hicolor/128x128/apps/harbour-submusic.png
0a087ef69507a8a71e9f4e62f6e30514b3b3ee68c7f1506734aef054f82a9f66	6404	other	/usr/share/icons/hicolor/172x172/apps/harbour-submusic.png
921305dfd995eebf7fbb1bba7e9f2c51051919f7a26a500021e45633480e4a36	3285	other	/usr/share/icons/hicolor/86x86/apps/harbour-submusic.png
