689ef7c1d6ddfe05492b7c21e7f2df98272d4313b7ea764b50201886eca2a2d0	557	other	/etc/sailjail/permissions/harbour-livewire.profile
287f25659ce5890f131a818d9d1c71aca547b32ee2bcac9a0eae446794a4b8c1	71998004	elf	/usr/bin/harbour-livewire
0c170a28511c959273ac9b154936c88c461a29c197d53ee0dbea491d1908b293	29363796	elf	/usr/libexec/harbour-livewire/livewire-notification-client
5955325c3142adbf4c193941a7d42e75b834df41862291846bf1f328d8dbd4f9	457	other	/usr/share/applications/harbour-livewire.desktop
3967ace270a57b6dd5ea217f560d5610013d38b1fc2fd1d360e57d34b3163a4b	178	other	/usr/share/dbus-1/services/org.unifiedpush.Connector.harbour-livewire.service
de3045e2c4d583fcd20599a277a7e0fc200968393ef7359555fdd617ea892195	871	other	/usr/share/harbour-livewire/assets/icon-s-close.png
6333ae6ea92faa5a0ac4201a0f741882d0ec6150757a6a6247769af5f4a72f4b	719	other	/usr/share/harbour-livewire/assets/icon-s-insecure.png
623532ee751713ddddf41004f8e6d00de66bd4f24e835f50ee8207c4bf0f1f74	207659	other	/usr/share/harbour-livewire/assets/logo-no-bg.png
edce9a1c9c78d3a391ce408b9a16677a65d3b0f78a3a3b4f200b1d267a1e9328	4079	other	/usr/share/harbour-livewire/assets/logo-no-bg.svg
7e9cb86f1ba3288425cab4f88dcdf9e05ad85bbd300dae6f3578dcb46dc23a7d	179060	other	/usr/share/harbour-livewire/assets/logo-sailfish-512.png
b60e6c9c2214373f074c4d8cf2f9703af075bbb04c5392860990f21115cbad93	26032	other	/usr/share/harbour-livewire/assets/logo-sailfish.png
00b6f106ee47f206b3a312a8eb32b6135882954c2cc3af5003a26f41565fa77b	13437	other	/usr/share/harbour-livewire/assets/logo-sailfish.svg
f6e8aca1ad83c470a542c0fd3da65b075e97c919891d9a6de4ee389f8fdc3d77	120841	other	/usr/share/harbour-livewire/assets/logo.png
91dac53b0e168e44919e24195898b097340b4c693920534390b9de24daff9113	4186	other	/usr/share/harbour-livewire/assets/logo.svg
09b04af69d333b8e3a6551c072a81bb4f022d7c2e82a4e79fb7b7ee8f92c9e5a	287	other	/usr/share/harbour-livewire/assets/notification-channel.svg
550f3df6c0354c0a9e9e3cfd0ccf5f6c9c1c4792e4c930eaafc70a25f55c18d4	317	other	/usr/share/harbour-livewire/assets/notification-contact.svg
f91dc5e2c892b029eb8ed1ee0d4bc08023dee01a273145ebcea28b56f1a55b84	4959920	elf	/usr/share/harbour-livewire/maplibre/lib/libLivewireQMapLibre.so.3.0.0
99acf64290f6fbd0e54b4316c7ac334ac3e26be00d67edaa5f502f26757c3086	9449	other	/usr/share/harbour-livewire/maplibre/qml/LivewireMapboxMap/MapboxMapGestureArea.qml
0cfe4204966e304f9bdf382a2cf776e0c4901c9f6b9c4eaad20f602eaa420fd1	196544	elf	/usr/share/harbour-livewire/maplibre/qml/LivewireMapboxMap/libqmlmapboxglplugin.so
dcbb8ec6786b4db13c319b7e7d2510c26861bf80653f19c1a4bdf2584ba96688	100	other	/usr/share/harbour-livewire/maplibre/qml/LivewireMapboxMap/qmldir
4ff41a288d8b756a45bfd4367bac0a886c4264a6f40ffb894507ad0390ddc225	1268	other	/usr/share/harbour-livewire/qml/assets/icon-s-rss.png
41efa97f9469a3b32096e3f4e5c7d9c62ced893883227ca166611ec13717b02d	332	other	/usr/share/harbour-livewire/qml/assets/map-pin.svg
2b3d18902e4ff67c0272306354b073b9055aed4e1f1418efc2becd9d25d0e097	2307	other	/usr/share/harbour-livewire/qml/components/AnalyticsCard.qml
1aa6483440caf517a5860dddd37375cc9d57acff8cf871c4dc342e52c6893bdd	1067	other	/usr/share/harbour-livewire/qml/components/AnalyticsRangeCombo.qml
421bd256344864e5fd58c6b42253ee738e2d83ded50198b315db6b0e6ba0b3b3	1349	other	/usr/share/harbour-livewire/qml/components/BlockState.qml
09f527eb7879ea6338af859be83747dbe27c3009468252bce3604b8cc4b6cff3	3360	other	/usr/share/harbour-livewire/qml/components/CategoryLines.qml
3d953215ae6f659a0c08762b1fc35fd908b9a99a3a925140ed7eb0c8aefa8e5f	543	other	/usr/share/harbour-livewire/qml/components/ChatActiveDot.qml
95dd6b74be158885f4f9b986ee119fbe0cbd037c847d4d7a63d07c56c7090b0b	3079	other	/usr/share/harbour-livewire/qml/components/ChatListTypingIndicator.qml
bb502bcc1e9d44ae7876b887c6961ee31c4be69709bef719389d44ea67453aaa	4620	other	/usr/share/harbour-livewire/qml/components/ChatMessageListView.qml
66bc46e702ed7155f7d528432f2600a8ae2539c050c33582c84f0adf0abe3b01	2080	other	/usr/share/harbour-livewire/qml/components/ClientFeedbackMessage.qml
e16d2360a70b1f873f08cf1de9f46732c09f4900f113891878170fd1251747fc	6127	other	/usr/share/harbour-livewire/qml/components/ComposerPreview.qml
57465c45e27735d5da504ec1c2da2e6f8efed4fd9557b0de5770f9f1c65cd750	3256	other	/usr/share/harbour-livewire/qml/components/ContactMessage.qml
54a5f71a692c0dc23e11b66219ddcd0ea00d92b642eb2ea92781416afb93a6f9	1985	other	/usr/share/harbour-livewire/qml/components/ContactPresenceBadge.qml
081d2dc83bbe7417aed08da9e6511a6b0acb72833342b8d1f1741c59f808ef57	3263	other	/usr/share/harbour-livewire/qml/components/DocumentMessage.qml
6fb3996630217fd4ab150501ea478602a6dd9ed03fb9927357f1605c97d09a19	2026	other	/usr/share/harbour-livewire/qml/components/DonutRing.qml
aa48f81f2992e419962abcbc89b5ac54ca8dd3e6f3267a71d335d9baccfb581e	2893	other	/usr/share/harbour-livewire/qml/components/EncryptionIcon.qml
84e1e4a242206907983fafa3f6b68808b215e06c38929438314baa91c68cdfaa	1634	other	/usr/share/harbour-livewire/qml/components/EncryptionModeIcon.qml
056872b496aa0b2e6081b9fddf13d36bd7458e6080bfc08502d00128fda0ffbf	10020	other	/usr/share/harbour-livewire/qml/components/HelpContent.qml
50297944e4a0ca665d96926c480afd0cf5e8df8ac7f3a61b25f2608a09e39d9a	2180	other	/usr/share/harbour-livewire/qml/components/HourHeatmap.qml
d7567438caec50379e092c26d22c95552a0c0cc8fef6e70385421618ca9ce853	64	other	/usr/share/harbour-livewire/qml/components/ImageGalleryMessage.qml
7d7a596c943e5f707b30a21d5d7d4722464a8b87c90222610fc8f21094d82339	3361	other	/usr/share/harbour-livewire/qml/components/ImageMessage.qml
7a3937096e85f70d86fba60a30cd0958c4df32b59b8019cff1f0d13c905180e0	2396	other	/usr/share/harbour-livewire/qml/components/LinkPreviewMessage.qml
8ff5bef3932ba656363300b9cc29cc16797f2f1b33a69aa47446c651f8422685	6742	other	/usr/share/harbour-livewire/qml/components/LocationMessage.qml
edba27ae4fa1e518a08da0a8d1901d8a143012069945c4a8d311d15c842fdb32	21188	other	/usr/share/harbour-livewire/qml/components/MapLibreMap.qml
c994e857b576b050507bc6bf0d84ec78cd029ed9ed093a709bc9580406835b36	2974	other	/usr/share/harbour-livewire/qml/components/MemberLabelPill.qml
fee4b789a0c03c69e53328cc289ec96c4b6e7e3e9b25afe98fc754b0c37aa1b0	12557	other	/usr/share/harbour-livewire/qml/components/MentionHelper.qml
6a3bbcf6026a0e83b36ae71d2001c36460f04626148174bf41b3e4bacc57f5cd	3240	other	/usr/share/harbour-livewire/qml/components/MentionSuggestions.qml
0724f10ac53b12a03ab5e312faf845432ed6000d21b4399a4a9e84bc4a1a03e0	15096	other	/usr/share/harbour-livewire/qml/components/MessageBubble.qml
46637a781c436a212319b392707f9c4dbcddefaaef123229dd0ac0c99d29082f	15111	other	/usr/share/harbour-livewire/qml/components/MessageDelegate.qml
3fea969c6089726285c5e7bdf36cb583cc2cc239d88370eaa9e7dc6e69c74531	2469	other	/usr/share/harbour-livewire/qml/components/MessageReceiptIcon.qml
06f6f28d135c84ebfb920782fa1cdef4409cf6035566b22019aec991cc1287c5	1995	other	/usr/share/harbour-livewire/qml/components/MetricListItem.qml
5f96ca532884be34c02fd9e1cca7244559da7ec14be539b8bad97afbb3cbe64b	2077	other	/usr/share/harbour-livewire/qml/components/MucConnectionBadge.qml
3d3a7c1bef848212e9f27010f67d9c11f9389936d5007b5bf1fae9c787160f1a	6392	other	/usr/share/harbour-livewire/qml/components/PrivacyPolicyText.qml
ced3da59f85d04aab458f6a1d78eef452395821a19d96e5f80524b5bafaa4af9	1012	other	/usr/share/harbour-livewire/qml/components/RoundImage.qml
5209d4739913cfc43c1d0482f7cc6c83963387496b11dd25ce16a6b55adb7141	1411	other	/usr/share/harbour-livewire/qml/components/RoundedMask.qml
7247271a54c23d5c7c521daefcc795e17806ea48d23bccea3c1387c991ad51d8	3934	other	/usr/share/harbour-livewire/qml/components/RoundedRect.qml
d6a43c85c90b9399ac3da18acfac5baeaae34724335900b90a2a6fd678ce1696	2708	other	/usr/share/harbour-livewire/qml/components/SenderNameLabel.qml
d18790fb21976fa73853a39c5eee394b5ccd0001284b2beec389dd9cc821c10d	1825	other	/usr/share/harbour-livewire/qml/components/Sparkline.qml
d7567438caec50379e092c26d22c95552a0c0cc8fef6e70385421618ca9ce853	64	other	/usr/share/harbour-livewire/qml/components/StickerMessage.qml
f771a128b28141a7a07dd5452c4c71669342430dfa43c471e638ff465088a091	5624	other	/usr/share/harbour-livewire/qml/components/TextMessage.qml
e789db47c172381bd0b7aa8d14fb04faa7676b7276b51da8bfbe69ca1f86545f	1362	other	/usr/share/harbour-livewire/qml/components/Toast.qml
60db460e15bcdc94469007b25cbf7183a3cb25091fc5fe0091d7603df5760324	457	other	/usr/share/harbour-livewire/qml/components/TranslationIcon.qml
c71d70c2c096a877fdf3597d863a26897ce3dd5c89ddcc428cd51d6f82cf32f7	1399	other	/usr/share/harbour-livewire/qml/components/TranslationStatus.qml
0e51f965eb587b97d4f2625af0b4d8083041b85637fea23cf11d8ba2f2e2e1a7	1208	other	/usr/share/harbour-livewire/qml/components/TrustStateIcon.qml
b14f845309371a19c25fc24689b8547a146eae03c876b998794697c771fde8af	4943	other	/usr/share/harbour-livewire/qml/components/TypingIndicator.qml
af38675deb112b24c59b1a81726cfd881705630e889a12a8b8218a2112980fc6	3551	other	/usr/share/harbour-livewire/qml/components/VideoMessage.qml
241b49426c1968e8221096ef8278e9fa74a4222b5c3ed96cfb9e5f133bcd3885	3674	other	/usr/share/harbour-livewire/qml/components/VoiceMessage.qml
d577a664550a382714397eb8d876fc528925f9276154af08136389c25e2d9196	2345	other	/usr/share/harbour-livewire/qml/components/XmppUriMutationDialog.qml
f0e36401b912d84cb1d52cac64e88eab1e41f2fb5d0d7cc6edad1d0217e15856	1612	other	/usr/share/harbour-livewire/qml/components/ZoomableImage.qml
8417fe72d9473303cad860f77b247058208dca08b645d2a87294a289a1a8f8d1	8962	other	/usr/share/harbour-livewire/qml/cover/CoverPage.qml
cceed567efa376dbbde6c361ba291196125e892776037397cf65ad9fc6c009e4	1750	other	/usr/share/harbour-livewire/qml/emojis.js
ef7ad0a5cc71eabdc46d25c567011945117e23a51da139c57f94f8f897f7b5f6	1122	other	/usr/share/harbour-livewire/qml/format.js
ba691f6ed937a8a39e537c6e4959f794c294465a09f2ec067f9ef869bd21a407	35840	other	/usr/share/harbour-livewire/qml/harbour-livewire.qml
61edd93b0e15b80106e80799d7c45c5a317f1b05c2581e84054f8b6a3fa1bbf5	2576	other	/usr/share/harbour-livewire/qml/pages/AboutPage.qml
b1a0d56566f3b893d88604965ccaa6db7ce0d28458c67e97133182d75f97cde3	9621	other	/usr/share/harbour-livewire/qml/pages/ActivityDetailPage.qml
ea42c5ce096fbb4384a9921d5c55a6d4800557a2043d2525d24aa4cf5ee7d771	12248	other	/usr/share/harbour-livewire/qml/pages/AddChannelPage.qml
0b8059d612c8077c6eff412054b156201d274a700ec9a7301e37655cb293eaae	3401	other	/usr/share/harbour-livewire/qml/pages/AnalyticsHelpPage.qml
ffc3202396c429c16b3774f2097c356c3cc25852c1200159728381c3aa7681ce	2012	other	/usr/share/harbour-livewire/qml/pages/AnalyticsOperationsPage.qml
0eec2f653d8abef63899392ff81a23d6eecb895ae1640e02be532fc1caaac7ca	11092	other	/usr/share/harbour-livewire/qml/pages/AnalyticsPage.qml
d802c3deccac8c74a3476f67428f9ca4a3f21cc874eae24517dee93416af39b5	1088	other	/usr/share/harbour-livewire/qml/pages/AnalyticsPeersPage.qml
d5bbf7a2ea9ce9b4814638ea222c7b92b67eb78581778e5769737f38cfb6a0d6	8175	other	/usr/share/harbour-livewire/qml/pages/AttachmentPickerPage.qml
26bf92aa460998b2ba7325eadf6bc4ed942722bcbd7dcf2803f46c2c75210b30	599	other	/usr/share/harbour-livewire/qml/pages/AuthProgressPage.qml
be815af79837f5828560e6abf5008467aaf9814d724bbf69cae3fd53dff242ee	9007	other	/usr/share/harbour-livewire/qml/pages/AuthorizationPage.qml
9c38bacdbbd8e2dc23a9e34eb0b6b13f4da0ce118af666c6500d0bab5ecc7001	1470	other	/usr/share/harbour-livewire/qml/pages/BlockListPage.qml
5d27c90b02ee949e453a37493da8bcd063f51d2a0790878cd5e5f2bcdc10dc97	8574	other	/usr/share/harbour-livewire/qml/pages/ChannelNodesPage.qml
474e2748317d60c0132b80780931ed2962db04ff00ee052d6368c6220381d10b	7714	other	/usr/share/harbour-livewire/qml/pages/ChannelPage.qml
c57fc4bd0239cb6183d8eaddcaa272f0e05e740e976b6f66de551a44b17ad2aa	2672	other	/usr/share/harbour-livewire/qml/pages/ChannelPostPage.qml
ad3757d2aaa686918849aef8689dfb0dd8ab9d83a79dd668adf1497ce0af3e6a	26844	other	/usr/share/harbour-livewire/qml/pages/ChatListPage.qml
f84aea169347f339b2e9ded3381208c7d0057903c1d9616d4fdc582c0ff5d8a8	73696	other	/usr/share/harbour-livewire/qml/pages/ChatPage.qml
9c3d49dc593017225cc417909271f789d31154486428bab08153ad6560e50aa2	11652	other	/usr/share/harbour-livewire/qml/pages/ConnectionDetailPage.qml
7898aaccca81c9de2ff449d93438ea83147230fda7545516b8cc1a42dbeda7d5	904	other	/usr/share/harbour-livewire/qml/pages/ContactPreviewPage.qml
d0c04b2058e85d702c0b8bc9f3507e9bf76e59d52142a31f60699ccabac005a4	6061	other	/usr/share/harbour-livewire/qml/pages/ContactsMapPage.qml
40ad148b33a016022f4934b328591f327652cd512f7a31163d1055f7c6e3a43d	6325	other	/usr/share/harbour-livewire/qml/pages/CreateGroupPage.qml
f742abcc53ff671804f649180e91c190ce9b8ec0f4d49cc8b817f9446530906a	9898	other	/usr/share/harbour-livewire/qml/pages/DataUsageDetailPage.qml
d2b3af8659a25b1e43fcaa2998be61f39fbcee539016c9a64ed196ac731848c2	2041	other	/usr/share/harbour-livewire/qml/pages/DataUsageOperationsPage.qml
c7c4918831c7b8ba6442cfde735466edc67d253c54b0411a6816415243e7a713	1123	other	/usr/share/harbour-livewire/qml/pages/DataUsagePeersPage.qml
7422d98adaf229bfc843f782976556065880f24c8334c4b0e77d9490b6a93884	3019	other	/usr/share/harbour-livewire/qml/pages/DeleteAccountPage.qml
addae34cd678fc8c8c341430a3de72130cfe3bd02b6775e846ba0cd77a8b5c19	20502	other	/usr/share/harbour-livewire/qml/pages/DirectoryPage.qml
6eda79210af9a8bef23534a64c7668be63f052103d72fde51e48fb2ced2c9792	1187	other	/usr/share/harbour-livewire/qml/pages/DocumentPreviewPage.qml
4550fa218e4e5f471371400a5a58b75d8a035f63efc5fc57d81531459b6cd998	2196	other	/usr/share/harbour-livewire/qml/pages/EditContactPage.qml
14faa94575df37f84ffb5e249e50835a7b1a32b44a149e3559bd2e8ea27aa1bf	10339	other	/usr/share/harbour-livewire/qml/pages/EntityPage.qml
9ed21763bc4816929ad1ccd55f159d433c36aae00a0b05497af9bccdffcb13f4	14947	other	/usr/share/harbour-livewire/qml/pages/ExtrasPage.qml
a3676a98948f5f9283d48ed67a2d356a1ca9b5a39bfb8d3554b36d3698f46b3e	2362	other	/usr/share/harbour-livewire/qml/pages/FeatureDetailPage.qml
59719a79bdecc77bacbbdb3b8ce3c852abd9a1fd495747bf3a0a17aef734c979	963	other	/usr/share/harbour-livewire/qml/pages/FollowChannelDialog.qml
a49d7fd0e966796254b522e3cf91247cde3db861b9280398d37c78df7baa955b	1594	other	/usr/share/harbour-livewire/qml/pages/HelpArticlePage.qml
1254d280b6bfcfb85afbc860d5dfe799b8df4dc693cd9b1716a3b8b59b60a5c5	2237	other	/usr/share/harbour-livewire/qml/pages/HelpPage.qml
a27af5d3529b8493807a1f581f000732ce735f7a1be186e34858bb9618703690	1749	other	/usr/share/harbour-livewire/qml/pages/ImagePreviewPage.qml
2530724be7d9860f0f36bcfc162fbd52cd0edc537f913f44d7f550ff3c9e6fe4	3083	other	/usr/share/harbour-livewire/qml/pages/InvitePeoplePage.qml
ff94228d2c5cabd7e4dad75a36c490092a57f14c13d5300f6ccafe620c01b157	5229	other	/usr/share/harbour-livewire/qml/pages/LanguagePickerPage.qml
5f9788debb24cd0dc80130d4f182cbd90649b14259226c547b9777a715216674	1251	other	/usr/share/harbour-livewire/qml/pages/LinkedJidPage.qml
cda6bef0239e62de9f7fe682c96b155358a0ac5308c8e20243f85893b28f7234	1292	other	/usr/share/harbour-livewire/qml/pages/LocationConfirmDialog.qml
da2258d323d0e6b54d1a09251259c75b8bc2ce09c2666ada9a848a47d9a5ddc7	3488	other	/usr/share/harbour-livewire/qml/pages/LocationRecipientsPage.qml
3c9b806fc6356a544caa0c2264bdefd950aefc23379cb88a7354b8f52d842252	16291	other	/usr/share/harbour-livewire/qml/pages/LocationSharePage.qml
a072dd189c1ecd73c99c2492ce599042c52af6b8a4c41a262df5b82875da4967	5847	other	/usr/share/harbour-livewire/qml/pages/LocationSharersPage.qml
6d72838ea1280b7fd1d0f05a0bdb7537065a86f7e85e773816ea3f401328dd42	5045	other	/usr/share/harbour-livewire/qml/pages/LocationViewPage.qml
3040e99f8bd14d474f3a8074a19bc45f0f75f3934add028ffc269771e033ee9e	18042	other	/usr/share/harbour-livewire/qml/pages/MessageInfoPage.qml
532ac1c4379fc003d8600d1e1f9fd496ccb2cd93931f95690506593735c0d2f8	2310	other	/usr/share/harbour-livewire/qml/pages/MessageReactionsPage.qml
2b00f7946a98df82adeb4ae5e16ccb077f69ac892b15e3320a6e3176556b8a44	1935	other	/usr/share/harbour-livewire/qml/pages/MessageTranslationsPage.qml
7bd7f56476868a7d4e3fc8157a7f91bfa325258dd0b9f75cdca3c0b0e4f5cba0	9977	other	/usr/share/harbour-livewire/qml/pages/MucMemberListPage.qml
ffaae7cd54585d34d3cb8831731bcf6a60088901f9771d65ab7f890187f702b6	1191	other	/usr/share/harbour-livewire/qml/pages/OmemoBlockedSendDialog.qml
72d89af9e2e711682959504165040a73544c0735d88c5a598ebb3e3a7e3f0e18	18178	other	/usr/share/harbour-livewire/qml/pages/OmemoDeviceReviewPage.qml
530621aff96a6cab70162c1f508eba2e66c6aa82eb5c630b732ac104342497ec	1767	other	/usr/share/harbour-livewire/qml/pages/OmemoVerifyDialog.qml
9bd5fa352043c2a81575cbf21ee046e54206691fee4523513964f09bd28970a9	2838	other	/usr/share/harbour-livewire/qml/pages/OnboardingPage.qml
713cd09e828bb72724cd303633b6e19a1c08d9ea8a8f2fdd3b737613cdce455b	4098	other	/usr/share/harbour-livewire/qml/pages/PrivacyConsentPage.qml
7ed84f667a2e61161a302e2653ab7b4fa6c91a32f3af72d3e78e2ea73d18c9cf	1218	other	/usr/share/harbour-livewire/qml/pages/PrivacyPolicyPage.qml
e9eb006a7e8bb6db8cd08581c19c66dd77c67c944c9586c90cd7245af478da28	45325	other	/usr/share/harbour-livewire/qml/pages/ProfilePage.qml
95e2b0c8faa20e3ada1636321e5ab061a47e6fa727e397039785d90f3827e53c	4352	other	/usr/share/harbour-livewire/qml/pages/ProviderFeaturesPage.qml
332f623ab2b870ac7232bb852aefedfc3e953b36ab5d04bc1256f095f0ff5630	38832	other	/usr/share/harbour-livewire/qml/pages/ProviderInfoPage.qml
bb5eb9ec74d44833188ed719554226748d24b1c878f6648512b84ec29bdecba9	4531	other	/usr/share/harbour-livewire/qml/pages/ReactionPickerPage.qml
f6d4ca85f7101a7a45156e2b13e996ac0765a2eb7526500f618e18c0227753b2	8978	other	/usr/share/harbour-livewire/qml/pages/RegistrationPage.qml
39d64d58f9733205d42e9b364b8f01f9119f60a20e540151efb76e080b518aa4	886	other	/usr/share/harbour-livewire/qml/pages/ResetOmemo2SessionsPage.qml
da88bbf1d9a36bcc43f1ebdeb97266af59b434ee3f3e3c0a5870d9ac73417bed	637	other	/usr/share/harbour-livewire/qml/pages/RoomDescriptionPage.qml
f4491396a5d51abfcc577a87b5840f713ec19ebc54188440486ccbab1903546d	1573	other	/usr/share/harbour-livewire/qml/pages/RosterContactSharePage.qml
823514825a1765947a7340e3c73f0c04f28f8651b4cae6e9071afcb4dc79acdb	2784	other	/usr/share/harbour-livewire/qml/pages/ServerInfoPage.qml
2eb19fb4110d84aa404673058f30a8fd547800846c5c4fd501a15baf994c15fc	19063	other	/usr/share/harbour-livewire/qml/pages/SettingsPage.qml
c555ba8065ddfc6cc3707ec49452e1071e6ff0d3bb3d80b117389368101b37bc	1641	other	/usr/share/harbour-livewire/qml/pages/SharePage.qml
dc1553bd167833f5cec64a37c8dc6274bdcf1cdfd9416a36d46a1d25a71948be	275	other	/usr/share/harbour-livewire/qml/pages/SplashPage.qml
85206c0c6012a6139b030d07328db4b21b46033e910d1c1517e1275f53d81d94	1553	other	/usr/share/harbour-livewire/qml/pages/StickerPickerPage.qml
01220e4afe48efb223c88f271b84a8ae34888e2a5bbb30e06875406cdbce8c4f	1589	other	/usr/share/harbour-livewire/qml/pages/SupportedXepsPage.qml
cc33002736544c8a417077350602c4ffc1215d5c29fdeeafee415f0a76aa8738	1058	other	/usr/share/harbour-livewire/qml/pages/SwitchAccountDialog.qml
567c698c9133979ae5b84678ee36809c0b10a5cebec4ca4efc1a8933c12479f7	1386	other	/usr/share/harbour-livewire/qml/pages/VideoPreviewPage.qml
502962f526e8ddf1d5ffed45aa96c4efd5f53b5d2397a7efe405dd531cfb147f	2045	other	/usr/share/harbour-livewire/qml/pages/VoiceRecorderPage.qml
0f4e7b49c5fe05a8a61e8077d33478c8dddb3d599ae0004e78931495d9fda94a	2664	other	/usr/share/harbour-livewire/qml/pages/XepArticlePage.qml
fe68c2d90382420b10d963617cc88737e73102aef34e95d07e1d6a501720219d	625	other	/usr/share/harbour-livewire/qml/pages/assets/xmpp.svg
cc099a764e7de5440809fa362d260207ff19c74a1c4ad7e55e3eaaef78aaaae0	628	other	/usr/share/harbour-livewire/qml/pages/assets/xmpp_dark.svg
267e04a81b630a533a857bb707608e6a38e88330b559997744b1a180cfd6493a	2124	other	/usr/share/harbour-livewire/qml/translation.js
b60e6c9c2214373f074c4d8cf2f9703af075bbb04c5392860990f21115cbad93	26032	other	/usr/share/icons/hicolor/128x128/apps/harbour-livewire.png
992177d11668d9b6e79a3f03043005caae7eb67ec17ca9a99c0e35c7ad77c059	297	other	/usr/share/lipstick/notificationcategories/harbour-livewire-message.conf
aef90c98dba28c82c9494b7f9322127815c1cf1b321a860e7fd514817a092241	36880	other	/usr/share/locale/en_US/LC_MESSAGES/livewire.projectmoon.mo
