52cba5d05222a5b8b0c375fe4a91fa24dcb4365c616d735906a29dcdde4402f8	296	other	/usr/share/applications/harbour-webuntis.desktop
19067a1c16936690a3fb6591542bb168b0fe4ea21b4c54fe29c3b548236fdc73	6765	other	/usr/share/harbour-webuntis/qml/cover/CoverPage.qml
5440ced16b114255e538aa3f944e98f2dd1325df740751e3c5544e6cec8624d1	8257	other	/usr/share/harbour-webuntis/qml/harbour-webuntis.qml
9c1bd13da1ce82e54f66b03aafc0cc1b0f61e206fc02718e5662cb3bd252fd35	2401	other	/usr/share/harbour-webuntis/qml/pages/AboutPage.qml
31b590604d9c119b3f9bb3244341e7ed42f32d348e00444721c8273fbff524c0	5886	other	/usr/share/harbour-webuntis/qml/pages/AttendancePage.qml
0f91fd5bee9ec5a003e06ec269dd65e183e0ea2905f797a236e7dfa5d7d0ac24	37900	other	/usr/share/harbour-webuntis/qml/pages/ClassbookPage.qml
a45817a898a0346a2db17fa3de4796814263864b8c2e5b10907c5a523ba72efe	13140	other	/usr/share/harbour-webuntis/qml/pages/ClassregPage.qml
65b91ddd2430b323f60a253a5955595a53d22b327e2a4e68ad64f3f3b11273de	3157	other	/usr/share/harbour-webuntis/qml/pages/EditStudentsPage.qml
545f7183d3cd331ff42695e2dac147b1773a7d0a9fa48678160dc52e428e1cf3	16084	other	/usr/share/harbour-webuntis/qml/pages/HomeworkPage.qml
e692c035cd7fb37b75fbc5f9f10f3428d7ebcc925be9c02e97bf6f1ce2bcb95e	945	other	/usr/share/harbour-webuntis/qml/pages/InfoPage.qml
a1dc3de74b6f24974d89710956abde9cdcf57784d66bb40abf85d47d5c543732	3732	other	/usr/share/harbour-webuntis/qml/pages/LessonDetailPage.qml
067a50cdfb7be22c2763eadae379a27362d63b6081439acf2dc87410aa723ca7	16640	other	/usr/share/harbour-webuntis/qml/pages/LoginPage.qml
39bd3291814a6b7ccc565547a75f855c9e97673f6946492885c2d593b927bca9	10414	other	/usr/share/harbour-webuntis/qml/pages/PeriodDetailPage.qml
3daa18e72abaacf99dcbbb5bcc8a87cdb368687de220415354547dae8dc7bd3a	12559	other	/usr/share/harbour-webuntis/qml/pages/TimetablePage.qml
fa810071f4c6272ed1389d0d4f7f945e20727935b7ac85c8680db77e2bf07bdf	6744	other	/usr/share/harbour-webuntis/qml/pages/TimetableSelectPage.qml
39051d8d7ec721361a18d6e7fca11357a0f370a3c63da6e7fbded46bc79e127f	7851	other	/usr/share/harbour-webuntis/qml/pages/TimetableViewPage.qml
91437e9b5675477e8b8ffdb5e502fb874876d216b3b39953fd4395b6afb4c223	12574	other	/usr/share/harbour-webuntis/sailfish_secrets.py
4087d93131cd9f635958aa658c4a1ab64c60d1b4a43aa67e60d25882930aa2c7	6169	other	/usr/share/harbour-webuntis/untis_http.py
c0a50851d336b923c20e1bbb0cfcd95d05dd0a4bed5d1df6703a274dacfcc712	16678	script	/usr/share/harbour-webuntis/webuntis_backend.py
33fe02f856deedbc073e76c2349aaebc71ab5428e99e1a64b677f518abbcdf93	63009	script	/usr/share/harbour-webuntis/webuntis_classbook.py
03f3d6eee837b42f56e6ec6d197c9a4d7924381b7aa774b3a8c3dc0b9ec6c071	8238	other	/usr/share/icons/hicolor/108x108/apps/harbour-webuntis.png
b809acf12376c8e817cdc80422ca3273455444c62c76e8cc0e77a9a00cef97bd	10061	other	/usr/share/icons/hicolor/128x128/apps/harbour-webuntis.png
cd08d8afae427b050a6a3190b5fcac15c960de9f57bad6e2177530dae1b11d3e	14195	other	/usr/share/icons/hicolor/172x172/apps/harbour-webuntis.png
c9e0cad5115e6c222549df8e561831a63d87ffdfe277e2cd6eb7d4c335a2544d	6455	other	/usr/share/icons/hicolor/86x86/apps/harbour-webuntis.png
