5c701f5a117d70b7d8ed012211d3804db5ab21402efcda9dc4bf8c97db7dd430	8116	elf	/usr/bin/personalringtones
ab62a46eeaecc75e401df5956b7138f25b1606346e17d03f2b4fc4d88efa647b	822940	elf	/usr/lib/voicecall/plugins/libvoicecall-angf-plugin.so
e8fadb4e053c6888c77634800d703232a69335372dce38e88d886d323a59a2e0	334	other	/usr/share/applications/personalringtones.desktop
83443445a48cb56fd3aa4a8bbca9bf95f9b48336b01c5ba803f49bd69f964eec	8915	other	/usr/share/icons/hicolor/108x108/apps/personalringtones.png
7b193477b64b21eaccd9cbb7515407bca4129869a1fe77a13883e754394d01fd	10740	other	/usr/share/icons/hicolor/128x128/apps/personalringtones.png
375b1a32354c2d93d392b84c0c1aa2a54a57573dfffcc49078fe7834fec5630a	24037	other	/usr/share/icons/hicolor/256x256/apps/personalringtones.png
df21788a3ff8927261a599f69cbc0f14637912837e603b32a42d6c65b5841f7e	6500	other	/usr/share/icons/hicolor/86x86/apps/personalringtones.png
a1469890ae96e834e814715f61e549e921ecd306d667711f670d4e73eed872eb	28	other	/usr/share/mapplauncherd/privileges.d/personalringtones.privileges
e24d0214c5e4a18ad398d9f19604b58439570ccd28caa6b4948cf77a66704cd6	1088	other	/usr/share/ngfd/events.d/important_ringtone.ini
c57f56d4d595a4f6e519c02eced35a035e33b514e5f5581d71411b0f1042e71b	1357	other	/usr/share/ngfd/events.d/personal_ringtone.ini
7bf495c1bd3d6e93559c0cbfdd7264c7530292402c84c3ddf955b607ba6b025b	192	other	/usr/share/personalringtones/qml/cover/CoverPage.qml
496008cec8df1c0c8faf1c688c73b79002f2fcec6f22bca42b670df801867a20	2138	other	/usr/share/personalringtones/qml/pages/AboutPage.qml
0009427ea258bff73f0f4d257676c26202ce68abf0b7eb283f8645a41c247c82	5035	other	/usr/share/personalringtones/qml/pages/ImportantContacts.qml
8883b4f23ce626421ddbf7279076de1be2282c581f188ddc80a97b25fe05b858	2604	other	/usr/share/personalringtones/qml/pages/MainPage.qml
5ade9e860b011b738e230fe1b4897d096d9c17d8df7dea9bedc5c554c388df2f	9022	other	/usr/share/personalringtones/qml/pages/PersonalRingtones.qml
a56e6a095639945a77692d1b1c85940f46dda7ae415791b48b0752fc0520ee12	2124	other	/usr/share/personalringtones/qml/pages/RandomRingtone.qml
2a6fd399e3b5329ff89436b630044a476e642db391be73a83237bb371ec95971	6938	other	/usr/share/personalringtones/qml/pages/personal-magic.svg
7a4dd806754864d4da4715a5ed7ed7aa2e3e16935253fd6f86e2a2c19515894e	229	other	/usr/share/personalringtones/qml/personalringtones.qml
e5d0eda3d6558f450810362a3ee1e0e9e88a06a61341ad3294ab91fcb4f79739	3069	other	/usr/share/personalringtones/translations/personalringtones-ru.qm
